time,F0,F1,F2,F3
0.020464852607709468,,,,
0.030464852607709467,,537.5303124369974,1958.0726839145225,2905.622582581376
0.04046485260770947,,493.92963662347034,1738.7876567187136,2825.956631679149
0.05046485260770947,,470.7513453837081,1622.334277841449,2776.982734561084
0.060464852607709466,,455.70210008425784,1574.247415434616,2666.774418148441
0.07046485260770947,,404.71907721195936,1544.4837806155876,2757.1524123257436
0.08046485260770947,,925.5227111126906,2024.228074250725,3144.019269956864
0.09046485260770946,,999.1432086840323,2072.0607916798804,3105.0565200940987
0.10046485260770947,,522.2217461965034,1707.640947496952,2838.9317455193423
0.11046485260770947,,634.2995828016643,1823.7477047411019,3012.6202175761796
0.12046485260770948,,589.4873043078077,1775.84368125781,2991.102474151995
0.13046485260770946,,491.5318413805966,1848.9588915225904,3008.559870179476
0.14046485260770947,,467.4712773152433,2025.7296490211108,3078.8027698648693
0.15046485260770948,,759.5467572666939,2216.1813011704767,3059.7165898060416
0.16046485260770948,,1006.7906685179486,2283.154945492945,3227.1086552545944
0.17046485260770947,,926.8442276803222,2214.8045151420265,3360.7350467947094
0.18046485260770948,,839.7634297831339,2259.2039893973874,3344.9909672355793
0.19046485260770948,,745.913583872914,1549.5690829029038,2803.3796045962417
0.20046485260770947,,1105.463567465644,1551.2248802978481,2785.690019113586
0.21046485260770947,,933.3875805140224,1916.0420412755952,2807.4545648672365
0.22046485260770948,,951.750759014717,1892.9587735524456,2826.019102880346
0.23046485260770946,,1465.8581021476816,2240.2832659138053,3387.093687171363
0.24046485260770947,,1465.0010660395872,2241.266200916807,3410.089516942035
0.25046485260770945,,1461.0050296841193,2221.2559026177755,3398.9700900990097
0.26046485260770946,,1552.70442432507,1958.0654381054042,3309.799376372711
0.27046485260770947,,906.2793166620787,1771.442790774118,3087.1165284780404
0.2804648526077095,,406.2420740427186,1818.0323763258311,2906.1836109757355
0.2904648526077095,,880.9780927882174,1986.9940097450562,3252.459441437971
0.3004648526077095,,1342.8449533433165,2194.3585916298284,3569.0126580162946
0.31046485260770945,,1497.871633161791,2294.2322230164395,3580.699368477224
0.32046485260770946,,794.8753229368776,2334.440394708949,3474.1619816800267
0.33046485260770947,,853.2082046274351,2476.303865514668,3496.0199960016043
0.3404648526077095,,1528.7736012483692,2681.4223304588327,3707.8906121228133
0.3504648526077095,,1634.9155070811385,2739.1278759649267,3694.449994694584
0.3604648526077095,,905.3615242641439,2328.703182612032,3191.31359578448
0.37046485260770945,,222.20220663578402,1974.9196794701209,2871.5584819375176
0.38046485260770946,,620.5249780412483,2065.401147511418,3200.95314047242
0.39046485260770947,,1067.1767288552494,1939.7555988300592,3219.436305077353
0.4004648526077095,,1131.5754062435788,1726.6540734375458,2949.750141412736
0.4104648526077095,,963.3996902655018,1619.005894327007,2801.3270050143783
0.4204648526077095,220.45185292310015,915.0735378391257,1600.1423796467227,2767.3712960929774
0.4304648526077095,219.53324017051074,895.3109602626903,1580.2009029559895,2760.054669268527
0.44046485260770946,220.8295793395378,878.5742667134714,1566.8675596741025,2759.551624773672
0.45046485260770947,224.29838082943084,882.3822064668594,1570.3561116546518,2753.114250851796
0.4604648526077095,226.22008231733778,891.4874063301328,1578.0720357250943,2746.6553131197384
0.4704648526077095,229.0730216999366,894.7652618097268,1585.4995414082716,2743.189934105549
0.4804648526077095,229.94423420229396,892.3553884928432,1591.3923667129898,2740.841736876051
0.4904648526077095,229.72127616802572,886.3656515100982,1591.6065601194546,2737.967593871253
0.5004648526077095,229.6742190479443,881.9382656564533,1591.8160390251915,2737.987327855023
0.5104648526077095,228.99853553056045,877.1304550279738,1591.2733403961051,2734.598068405981
0.5204648526077095,228.16528618325188,874.1932890158332,1589.4353703660754,2730.40814999553
0.5304648526077095,227.4934110762672,873.442338110154,1586.3464441074418,2729.3893389671794
0.5404648526077095,227.14174549190056,873.5476146378472,1584.7657947550485,2728.503714036006
0.5504648526077095,226.99660041927407,873.2721045332195,1585.0004868000624,2729.705478691088
0.5604648526077095,226.54757295799567,873.0969232031401,1585.5468068182115,2730.5272565495693
0.5704648526077095,226.60850022758157,874.2223140309295,1585.852429306257,2738.80430242466
0.5804648526077095,226.8371500926231,874.8289760981102,1584.6539701413576,2753.3111636571743
0.5904648526077095,226.79423255332335,874.9815952079655,1582.2123708706888,2760.5026481903305
0.6004648526077094,226.8275713731811,875.3311385178814,1579.052976787167,2768.461975273555
0.6104648526077094,226.6485917311993,875.1073383202381,1574.9466091827442,2778.1212911920784
0.6204648526077094,226.16397949746417,874.3326297566773,1570.660583992953,2793.1147283699
0.6304648526077095,225.97459276441154,873.6637613782713,1569.0364455416702,2800.5940104674896
0.6404648526077095,226.64532921287042,873.9343444120968,1567.6968083089027,2794.298708068401
0.6504648526077095,227.47081779486456,874.19889380719,1565.9805765265555,2786.887435702239
0.6604648526077095,228.48717935469674,874.7455283388117,1564.7257910527267,2782.4189709156976
0.6704648526077095,228.8059439039798,876.5988355161568,1563.9002954975583,2791.6960214686387
0.6804648526077095,228.7107947779038,878.1976651020115,1563.2921809303102,2806.7696816907783
0.6904648526077095,228.65594937946216,877.936144371282,1559.8310006318995,2811.0929351276136
0.7004648526077095,228.85727627346708,877.0284567229086,1553.9697843461486,2814.9918461725124
0.7104648526077095,228.71721098394667,875.6230917502496,1546.0529964720238,2822.2585567578435
0.7204648526077095,228.01478832672333,875.1932423484403,1542.8942118601285,2844.060415108395
0.7304648526077094,227.18475564617327,876.2412833510076,1544.1056049948431,2881.270289459511
0.7404648526077094,225.90739576967417,876.8525435564908,1542.125199689912,2897.7360544966164
0.7504648526077095,225.67137468838564,879.1792752017469,1546.0173718774063,2909.987624989809
0.7604648526077095,225.25925878189855,879.6790522375643,1549.473579473684,2917.81211862334
0.7704648526077095,224.473011253358,877.7825071343061,1548.5586756360813,2910.526182819323
0.7804648526077095,224.1226605418955,876.733707834776,1548.5227426600754,2910.150444669906
0.7904648526077095,223.80508898904372,875.1690149773075,1548.0078908258868,2916.194759821439
0.8004648526077095,223.74481140231165,873.0848075541205,1547.3934239558093,2919.485449236915
0.8104648526077095,224.82120902629296,873.0817394279782,1550.2284002438637,2921.537136159821
0.8204648526077095,225.58445704505428,871.2348829521069,1552.1059177767775,2923.917604636599
0.8304648526077095,226.03326592107635,867.4377815994379,1550.0307128069214,2919.0279574514147
0.8404648526077095,226.83991453896974,866.967944704829,1550.6194637389626,2910.3756357643256
0.8504648526077094,227.25228864380574,867.1184699969366,1549.2263125817026,2915.1704961056785
0.8604648526077094,226.886815777645,866.1352536078991,1544.4438240482295,2920.6825837964925
0.8704648526077094,226.06705813862516,868.2962214227686,1541.1456248839988,2934.564372663216
0.8804648526077095,225.3849583551963,871.9393209912051,1540.1683233930955,2950.159584737577
0.8904648526077095,225.64317256943184,871.5143146091181,1539.6224385647408,2946.2229688180173
0.9004648526077095,225.8956119634878,869.4533074978934,1541.7138710093582,2946.3422906885307
0.9104648526077095,225.19525030069877,867.637311470661,1541.7504612017412,2946.3628696462965
0.9204648526077095,224.94639527584283,867.7095112068174,1541.038684324628,2945.5009656223856
0.9304648526077095,224.79631195045053,869.4417284260489,1543.9193849314088,2946.973010617363
0.9404648526077095,224.3446584173542,868.6768736386325,1540.467688468965,2945.7990324342095
0.9504648526077095,224.38838893989004,868.2812025323886,1538.5332321815126,2951.3412957319374
0.9604648526077095,224.22628888025326,867.5894481075703,1537.940688862711,2956.1185275361195
0.9704648526077095,223.9891496181264,864.7618020571831,1534.002190815313,2953.633387804863
0.9804648526077094,224.72249539315294,866.6321156815516,1536.6189136556552,2959.313189555863
0.9904648526077094,225.53998102824454,867.6547159676585,1538.1033857363345,2955.5195894224903
1.0004648526077096,226.49100849020047,865.2984629295074,1537.1338839925252,2944.1589776535225
1.0104648526077096,226.9583682651879,864.3420391884463,1536.8987536021848,2943.391827017147
1.0204648526077096,227.9794304818381,864.0281548874367,1533.0441642209046,2937.7363909831556
1.0304648526077096,228.39949122637182,865.357047502449,1531.0356986634074,2931.666190888892
1.0404648526077094,228.58875005441232,868.4918629349129,1536.2009800532965,2941.035734672795
1.0504648526077094,228.17976792950287,869.7295276502421,1541.2562105647514,2955.945560919986
1.0604648526077094,228.08360843692512,869.3880126361473,1541.8839002621314,2956.725947704933
1.0704648526077094,228.91703975709223,869.253400536017,1541.7506133748977,2937.43701860279
1.0804648526077094,229.81899795746486,869.15747047682,1542.8870971437939,2924.8101806290238
1.0904648526077094,230.77405726079303,868.6779040829272,1544.1863740262324,2922.9738133985798
1.1004648526077094,231.26662172248487,866.1953356914304,1542.385504358195,2926.8664212304275
1.1104648526077094,231.4760164606924,865.8637778895295,1542.0429708492406,2945.1164111689036
1.1204648526077094,231.3363257544355,866.395954599064,1547.2502175891825,2949.9613389595875
1.1304648526077095,229.48825932045384,864.6883633243002,1548.3303238896663,2972.0832884789766
1.1404648526077095,228.0257521396883,864.0417052271035,1547.8719295564879,3013.5918697906845
1.1504648526077095,226.8401424472328,867.6858140444557,1549.743865864379,3035.1995361142
1.1604648526077095,226.35495815468812,869.9857581055935,1549.185151027247,3037.5456357761186
1.1704648526077095,226.44873743011277,868.3769467979674,1552.3172000072148,3023.0104478496264
1.1804648526077095,226.79531178772694,867.0900532041454,1553.818211621083,3003.8791004440513
1.1904648526077095,226.73001923449962,866.0242930815634,1551.4527749934848,3007.7246751498787
1.2004648526077095,226.5047512896311,865.5206612228789,1548.282941470465,3000.6597732271043
1.2104648526077095,225.89142396703284,866.4301707495914,1547.789160552758,2993.340794558402
1.2204648526077095,225.17271628303288,865.7476152695915,1547.8737739649225,3007.286797679321
1.2304648526077095,225.43076704430243,866.0123697688041,1550.532541944239,3005.2073179320087
1.2404648526077096,226.61611525994599,865.0483286316853,1551.916311437364,3006.9254376087106
1.2504648526077096,226.76579793542174,863.4576874720153,1550.3091145244894,3001.5592912080683
1.2604648526077096,226.42608317524713,864.4227941422129,1550.6686229880095,3010.292479255338
1.2704648526077096,225.96424231241426,863.3557144933919,1548.5958587253417,3032.489622481328
1.2804648526077096,226.0011102577554,863.2753533637624,1548.0652539264104,3028.2366718008425
1.2904648526077096,226.64779168535875,863.9490207635099,1548.654794708205,3024.841916094648
1.3004648526077094,226.77106728724513,863.4163089170485,1542.6569813064268,3019.672707440083
1.3104648526077094,226.05002723226062,863.3165671786536,1540.4727721266445,3010.5142206309306
1.3204648526077094,225.4851520775028,865.0020135808346,1548.395640771064,2997.631341022847
1.3304648526077094,225.44392782503897,866.4855820721197,1551.8512424952253,2998.223601356337
1.3404648526077094,225.84552881718218,865.9285677315969,1551.3590139113794,3044.4895473525357
1.3504648526077094,226.566555393615,863.6561965607341,1549.2947667393312,3057.043816920757
1.3604648526077094,226.61437377122587,864.7555489908802,1549.0249348409207,3019.7707227895476
1.3704648526077094,226.33195801466536,869.376275387753,1552.8774279858071,3003.2858272732483
1.3804648526077095,226.0160160144954,868.2904676295115,1557.020245910768,3002.9471738085067
1.3904648526077095,226.17325621249338,863.1106665458318,1555.5011261711268,3020.4602111400814
1.4004648526077095,226.14143893680546,862.0263579829575,1551.1994312444333,3027.5197727340683
1.4104648526077095,226.46942667641034,863.3836828105811,1554.5849519266785,3022.3647164811564
1.4204648526077095,226.7391846427576,864.5536088308725,1557.454323653971,3032.5463625393613
1.4304648526077095,226.7415558618313,863.776989650175,1553.163722247273,3030.2825859054874
1.4404648526077095,227.17460167201375,859.473867008896,1544.810749025342,3015.546334144585
1.4504648526077095,227.53168438281057,856.6413029218497,1542.4512816123158,3018.1886851743216
1.4604648526077095,228.18440595670737,855.1871238449352,1539.304692191758,3008.0079063040753
1.4704648526077095,229.37424163549827,852.343598604348,1529.4467637027783,2965.030148424079
1.4804648526077095,229.86356769621534,850.8958470895819,1526.264460957639,2930.2268700137934
1.4904648526077096,230.68433027895585,850.9599045099385,1528.8752358109457,2895.508086001922
1.5004648526077096,230.98682205030192,850.1944296771089,1530.8915472536585,2876.2694169951924
1.5104648526077096,230.00953220674543,847.6004400662753,1527.460900647899,2886.7576206036697
1.5204648526077096,227.92825190755525,847.3875814952149,1530.0782459655006,2934.6381066725044
1.5304648526077096,227.60739205049592,851.0537797191881,1537.6569269461486,2980.63619596747
1.5404648526077096,228.60830913897965,852.4246566288115,1536.1705295323582,2973.8915362054627
1.5504648526077096,229.12455856036857,851.2582017878856,1532.7719910271087,2954.797811558795
1.5604648526077094,229.12507024791103,850.1692134399661,1527.1081404505142,2932.26744677468
1.5704648526077094,228.8235451939443,850.5824430341887,1528.0168431096781,2935.886106366275
1.5804648526077094,227.76802553097235,852.3043743625791,1534.1209757022116,2959.7623914209357
1.5904648526077094,227.13781461352767,852.3103510698792,1532.8058797943415,2969.495066466007
1.6004648526077094,226.5654784872765,851.8349481580457,1534.7464107258363,2988.343332689931
1.6104648526077094,225.83716470166434,852.2197028020904,1537.4335638289597,2994.39770950385
1.6204648526077094,225.5105627549329,853.321953433677,1535.789577656269,2982.2773739038385
1.6304648526077095,224.79571480468215,852.8479066570701,1534.2857860176125,2971.978981891485
1.6404648526077095,224.81943562606156,851.816117839397,1535.866614578344,2967.8047227849443
1.6504648526077095,224.7692739790843,852.808709451949,1538.9209845360817,2985.3240928274818
1.6604648526077095,224.22598430921747,852.6227382646606,1537.6371910291089,2996.5393427049657
1.6704648526077095,224.90790285625675,851.8094773034336,1534.259568252447,2986.663888358434
1.6804648526077095,225.5645750814379,851.9666394206863,1535.2074844059612,2991.490660418858
1.6904648526077095,225.86798247291804,847.4956907685007,1530.5660989856087,2994.41226095072
1.7004648526077095,225.6889564612759,846.2297989001534,1530.7661129855176,3005.2740272958526
1.7104648526077095,226.43807097783892,848.0289381677254,1535.2596051338242,2998.788376873748
1.7204648526077095,227.36432238044287,845.7837142813202,1530.1099380768858,2981.857058426463
1.7304648526077095,227.969046187395,846.92640172947,1531.4386338726015,2986.868572616654
1.7404648526077096,228.40426297916622,849.4596044770511,1532.4859875397608,2978.3075552911464
1.7504648526077096,228.45203173456272,852.1267690900812,1535.414024073271,3002.309303906765
1.7604648526077096,228.20509331418532,849.8887260634557,1530.5729836637265,3019.8002382866066
1.7704648526077096,227.7960605880139,849.826324744847,1532.5163091842212,3021.7289802861187
1.7804648526077096,227.9596546411343,854.2831072416324,1545.4851926487054,3024.95013003891
1.7904648526077096,227.89572293298335,856.4656285368252,1552.0917313027544,3022.8028124966236
1.8004648526077096,227.73879406603876,853.9977235452188,1553.2786409370972,3011.4289555937803
1.8104648526077094,228.1978006605579,852.5405645883103,1551.5246607831223,2981.7347910079184
1.8204648526077094,228.40748719103908,855.1626885344826,1554.0487381499397,2978.4446176286947
1.8304648526077094,228.32811945893044,851.1065035105804,1553.7823565825051,2981.6515262478683
1.8404648526077094,228.08145646738615,848.0271014560745,1554.6284546893414,2988.4512434512667
1.8504648526077094,227.68459658896225,851.8905961586331,1556.4617372453258,3002.8974620080076
1.8604648526077094,227.9410872014428,857.004822844729,1559.7848205862892,3002.1784253222513
1.8704648526077094,227.9366925784784,857.2164073283747,1557.7662966600733,2999.882777387503
1.8804648526077095,227.1784715792329,856.1092760178003,1553.9761763643148,2997.997402408135
1.8904648526077095,227.03782435787315,855.7815965886637,1556.8022577070924,2983.7038167432447
1.9004648526077095,227.30692643925795,856.2072053494533,1560.5380503612605,2974.801026937651
1.9104648526077095,228.16948464366064,857.2284833741933,1561.8108441813524,2980.261969037613
1.9204648526077095,228.16434414845975,855.6731747831722,1562.992124205384,2998.663496269066
1.9304648526077095,226.8710150727553,855.9266536250553,1560.515328814435,3003.1763869650194
1.9404648526077095,225.3998080591267,856.3314332066888,1557.9143916312066,2979.5716590150223
1.9504648526077095,224.74906817962204,855.7999247615668,1560.2428397350384,2949.2363977283494
1.9604648526077095,225.1073534906621,857.6797052589015,1571.8400194968237,2951.6587262673743
1.9704648526077095,224.82121905527856,859.6952360704838,1581.3869984435555,2965.268824928656
1.9804648526077095,224.57804760032678,858.8169592346238,1576.1379469280926,2956.1919422250426
1.9904648526077096,224.50133806992125,854.7139113396828,1571.5975232095036,2953.43426877282
2.0004648526077093,223.94946204135238,853.9442570247774,1573.253293302232,2935.818247589831
2.0104648526077096,223.39279790677654,853.5980837220795,1569.3722836136312,2938.9325998845115
2.0204648526077094,222.68288260009535,850.0197288215415,1563.8513113344588,2931.0910101590216
2.0304648526077096,222.13481304304872,848.3779833476287,1561.6541305183766,2919.679672919319
2.0404648526077094,222.30942665535744,849.1779008540617,1561.1243129724226,2954.07167314209
2.0504648526077096,222.92705763850714,850.5503798323775,1560.3463184216305,2946.0893653073226
2.0604648526077094,224.1301956524299,854.6386070694629,1568.1305839602571,2906.2068484551023
2.0704648526077096,224.90779767394952,856.3359763096298,1570.9047591262088,2889.5182986926047
2.0804648526077094,226.0077594417708,851.5380369773866,1563.6503723320839,2913.513119888741
2.0904648526077096,225.96780984498002,847.6015227323893,1560.1959716248987,2956.064558594817
2.1004648526077094,226.60351910923964,846.4543986768798,1551.319148689453,2946.3371657002535
2.1104648526077097,227.71110859167902,846.5808622007237,1546.3244344939742,2957.1032383586416
2.1204648526077094,228.62975132784246,848.252584694981,1550.7497953183,3002.205824009147
2.1304648526077097,229.71678352153822,847.2284350886953,1545.9822146150716,3013.752967729548
2.1404648526077095,230.2378780800471,842.0207595595507,1535.8841600545845,2999.9745477950496
2.1504648526077097,230.9039047091689,839.4411827505817,1528.2966561337403,2978.5528192407733
2.1604648526077095,231.67808659709098,840.0643925864688,1525.8921504387263,2960.701511033821
2.1704648526077097,231.3124707121714,838.9678368810883,1527.1750652240917,2939.898123612851
2.1804648526077095,231.64427369911976,839.0425569805906,1524.4793834861596,2919.160337635558
2.1904648526077097,231.8353083021367,838.048652165827,1518.7340707317512,2902.178430803806
2.2004648526077095,231.70503302961959,836.8044919540846,1521.482440376041,2917.4003705132677
2.2104648526077093,232.30190307343074,841.007541593831,1522.9878399282927,2905.0080428071387
2.2204648526077095,232.8988214490171,843.273689961997,1516.76507015215,2867.6515608737805
2.2304648526077093,232.67552505475362,842.4415698465234,1519.181497866067,2858.1709774150586
2.2404648526077096,232.15771606061722,841.1044116513127,1520.640649630922,2871.716804403029
2.2504648526077093,231.8262532843436,838.7642963689837,1519.3921617804522,2887.8623073224035
2.2604648526077096,231.11321602777411,837.1621851259384,1513.7685703638897,2889.169202526217
2.2704648526077094,230.35440791818536,835.676333916059,1507.9986458688265,2891.58399931246
2.2804648526077096,230.09462118561768,835.4559059160215,1513.0454859937947,2887.1598138281615
2.2904648526077094,229.23782821329908,836.4089520350419,1525.2368240349242,2902.892201111964
2.3004648526077096,228.734175174179,836.4737375692367,1527.510572909888,2945.434647835844
2.3104648526077094,228.65514073084626,838.1178411317157,1528.0740007607765,2979.1680554537784
2.3204648526077096,228.3454114597028,838.9790237701013,1530.5377680127929,2969.649784106431
2.3304648526077094,228.32996729708086,838.6410765061618,1525.8678274062743,2951.991888409792
2.3404648526077096,227.58820684636197,839.8907865872079,1526.3693547879336,2967.1950467283013
2.3504648526077094,227.25042898511643,842.5181442109725,1526.058665280436,2987.34728472709
2.3604648526077097,227.41415237665478,843.7082058784733,1525.1149241591056,3010.140464635716
2.3704648526077094,227.56556060698043,840.6952738162289,1526.7495996015664,2989.6123732532837
2.3804648526077097,228.01190024658678,839.8033390280856,1527.0570558266709,2960.3498994664865
2.3904648526077095,228.81689247698756,840.9472932172629,1520.2044899648406,2959.172161846301
2.4004648526077097,229.59999700765084,839.6752791594483,1513.4253172372137,2939.4198752808425
2.4104648526077095,230.02039919175382,839.5441380774245,1518.3423622677224,2899.177832265107
2.4204648526077097,229.83001883833975,838.7508689463746,1523.487930290649,2884.8772234174157
2.4304648526077095,229.23678253671764,836.805635603588,1526.3090299467528,2905.096881374703
2.4404648526077097,228.5351890215808,836.2627320579246,1524.187071724049,2925.1057085862926
2.4504648526077095,227.54572416283517,836.5564253666138,1521.9027459307524,2946.5679239269466
2.4604648526077093,227.5029291893819,838.3174134336158,1524.3378829076864,2973.317735764257
2.4704648526077095,227.2061551097849,838.7092118733456,1523.5930037057249,2954.9335641819216
2.4804648526077093,226.3859442902852,839.3740727979532,1527.7002906234,2950.8882785374235
2.4904648526077096,226.91813119116117,840.0452955573484,1525.214158963279,2953.5420459221214
2.5004648526077093,226.55570040496187,838.8909253083516,1520.4999866354171,2956.5813341534645
2.5104648526077096,225.94082717604155,839.2450587326003,1524.8680431408002,2989.290018926834
2.5204648526077094,225.66926863507234,840.3932509160481,1527.50032091606,2984.6348838327185
2.5304648526077096,226.03991792677397,840.3161507354118,1526.139372649655,2985.5876784093393
2.5404648526077094,226.2693516514999,837.9131756279295,1523.4826423047753,2992.3552808510303
2.5504648526077096,226.85438182495335,836.9780072263645,1523.5264582686948,3003.02251096103
2.5604648526077094,227.57125123287767,840.8447525226591,1532.9217098064316,3018.10589949191
2.5704648526077096,228.02956706101017,844.4260927374988,1538.1117297923452,3003.7155810580875
2.5804648526077094,227.60039096196087,843.5136155495433,1531.523533344367,2992.369082602884
2.5904648526077096,227.28751068557136,842.0377498661072,1529.1316825026365,3027.482195547265
2.6004648526077094,227.25495664389405,842.875784177442,1533.4309745676849,3077.6569571605874
2.6104648526077097,227.1865691381407,843.2791428955843,1536.2687256016457,3050.494091916369
2.6204648526077094,226.57798947416555,846.0159773258997,1542.6851079166454,3019.0516693699133
2.6304648526077097,225.2952067689597,850.2676021265905,1555.8021949724216,3024.081497773474
2.6404648526077095,225.82115898218444,850.1313482053598,1560.2288665702574,3018.1838758762656
2.6504648526077097,225.115110479015,846.8663796907537,1557.4528889866185,3022.0518880140653
2.6604648526077095,224.37622278389085,842.7775942049577,1549.9039513974658,3012.8499116999583
2.6704648526077097,224.70059354570694,839.3789799457943,1542.6961839956791,2982.2081291936747
2.6804648526077095,224.7779185604343,838.0702066288657,1542.4861141359843,2914.463395160771
2.6904648526077097,224.20735441333477,839.2871117082266,1545.5738091811197,2875.3665750354603
2.7004648526077095,222.7605998785227,842.5587590717428,1548.9133820223055,2882.639579769297
2.7104648526077093,223.04338089038887,845.0370491616634,1547.7314839593298,2882.2782618700744
2.7204648526077095,223.21243480330057,843.7357636689363,1544.3530971413356,2905.162157406685
2.7304648526077093,224.08968321522354,843.8678204856042,1545.5262271269316,2935.572418764487
2.7404648526077096,225.1824698266957,842.9643334405498,1545.876274736548,2938.0612499120007
2.7504648526077093,225.83337095538266,839.5199593330002,1544.1903272370969,2964.0750980039393
2.7604648526077096,226.84908438087183,841.5603878372981,1547.667358304298,3007.4477023986574
2.7704648526077094,227.49771940581962,839.008734429457,1544.853265881386,2962.7783934061777
2.7804648526077096,227.51944096105402,835.2541135755696,1543.4754662052005,2967.1886639358972
2.7904648526077094,227.5373895176263,836.3618762342559,1545.9963997479358,2990.657947500893
2.8004648526077096,227.23191894034443,836.1910658992199,1542.0096223733508,2949.4306632942707
2.8104648526077094,227.1461361789397,839.072432823004,1542.7841446485766,2978.88122991229
2.8204648526077096,227.5161664654602,841.7950968659552,1540.2148065978367,2973.3250073874287
2.8304648526077094,228.05569459749634,841.8507959001171,1537.9280136008365,2927.0158313551888
2.8404648526077096,229.68592708706586,847.0265421734077,1543.9291431808567,2940.7028906034584
2.8504648526077094,230.48586136518662,846.8810525369641,1537.2110942568793,2963.680503220593
2.8604648526077097,230.93593659774098,839.4235680404745,1521.6400496969127,2927.2652911032624
2.8704648526077094,230.43056721501927,841.1624318110858,1520.2165343865668,2919.80686978414
2.8804648526077097,230.90492980924034,840.3793595980887,1515.665378535628,2976.9835282029185
2.8904648526077095,230.3195311180622,837.9740114564662,1506.1254904982204,2998.977103065049
2.9004648526077097,230.0720383946597,837.3598536894913,1497.1215411368062,2952.7423504914004
2.9104648526077095,230.07403107164754,839.2830767239589,1499.907398251918,2914.4546925848126
2.9204648526077097,229.82760601290886,842.3642000402828,1502.2163813811426,2938.829327068839
2.9304648526077095,229.2501428164087,840.0076531747079,1497.7643257013392,2934.9809416383614
2.9404648526077097,228.34755962662382,837.9358496465619,1492.157130192872,2918.33618536166
2.9504648526077095,228.18829261392594,839.6858245321328,1490.720665977694,2932.8152809419853
2.9604648526077098,227.84654658374814,842.176229268117,1501.6343141868888,2969.608632454271
2.9704648526077095,226.8048698062382,841.9273391804935,1498.6213826894505,3028.795641073815
2.9804648526077093,226.83717978036657,844.402349225494,1499.1609557405138,3015.8929080816047
2.9904648526077096,227.00762902491485,841.8624861884697,1497.2013700597279,2945.118490594732
3.0004648526077093,227.23709285847713,835.9017972350433,1481.8540689388633,2896.4180079418193
3.0104648526077096,227.43306844906076,836.7712754339823,1485.6435317723972,2909.96892551181
3.0204648526077094,226.83152837392754,841.3069693791125,1491.6812954469242,2941.0481419264893
3.0304648526077096,227.04047846035002,843.9314384822185,1488.4499647397715,2930.752310981583
3.0404648526077094,226.0740244671453,844.7672237996621,1507.4390326497737,2949.0511728626598
3.0504648526077096,225.85445130332602,844.8778764357892,1515.1815270595903,3002.32269175289
3.0604648526077094,226.26313399837827,843.902563197556,1503.390181926627,3006.6263114741223
3.0704648526077096,226.3222783867738,842.7826456008243,1510.6456918349072,2983.531692635234
3.0804648526077094,226.80734511426985,841.7082882206157,1510.393982325219,2968.949653526251
3.0904648526077096,227.52233658213555,841.9143536317799,1507.9009355965027,2982.6860412849387
3.1004648526077094,228.37244110906695,838.8504016565159,1501.3729647899404,2958.0084389993362
3.1104648526077097,229.2213127335532,836.9905674783811,1500.9649415802082,2953.30348114345
3.1204648526077094,229.622136075767,838.9136572739902,1507.7341042992994,2952.273649389464
3.1304648526077097,229.65697612873814,836.6392528273877,1499.3162456383689,2893.0725381145007
3.1404648526077095,229.26357209184437,832.3056453719754,1494.3393070348257,2898.1358891682776
3.1504648526077097,230.3369485988849,824.9965786283185,1480.1851888028925,2873.103805989954
3.1604648526077095,229.824377450888,823.4414460235637,1485.9287740081404,2864.9873356663397
3.1704648526077097,230.95326257797947,825.7266802608341,1494.195213583161,2897.817362565308
3.1804648526077095,231.10024278466744,825.2994606248596,1491.4873221782063,2885.596695290837
3.1904648526077097,230.94308089615035,829.1364157011201,1506.0307517399503,2905.9099421981086
3.2004648526077095,231.0618882954765,829.2738139501346,1512.3930494968863,2995.089503759704
3.2104648526077098,231.18265136423517,828.5826245159267,1516.924994558378,3066.533599118769
3.2204648526077095,230.8252432923941,831.5596645696708,1521.9423349289184,3017.0590947138844
3.2304648526077093,230.08964371323987,826.7420084512534,1521.7592066615869,2944.9557997539423
3.2404648526077096,114.81241619350223,821.5465579166947,1525.060676029258,2902.1279292957734
3.2504648526077093,114.8828236492538,826.2332861800043,1532.7168442755265,2910.221394746752
3.2604648526077096,114.9433118282393,828.6723802534823,1536.3865269904118,2937.2558909813133
3.2704648526077094,114.78567116393525,820.9868576989988,1523.3509488517948,2881.119215404789
3.2804648526077096,114.48377756733039,814.6482084088003,1522.5493187593056,2851.0979950289366
3.2904648526077094,114.5816046128406,823.0808766710521,1534.8840805501636,2865.2378139335083
3.3004648526077096,114.54854638447355,826.7318483257707,1529.806450198404,2866.6332925554325
3.3104648526077094,114.37313909965239,822.0065625792555,1532.4552245629304,2865.5112313906193
3.3204648526077096,113.8540774283606,812.6213488861225,1524.7028475475313,2860.189933368391
3.3304648526077094,113.37093914591092,804.7388277024471,1517.1868961116586,2887.881086526204
3.3404648526077096,112.70625645312637,805.7701629236462,1522.372270677121,2886.563355692894
3.3504648526077094,111.96881963877722,793.9331009206117,1513.4360509549633,2859.5404868111427
3.3604648526077097,111.87742610749707,774.3735875791658,1509.2243018039408,2892.0284040746465
3.3704648526077094,111.77128591802256,769.7930829486455,1505.2767442477427,2878.997394452598
3.3804648526077097,114.04416352178937,789.0683233274585,1550.9654672144256,2817.227534366237
3.3904648526077095,119.21757622810918,790.4805233997407,1602.6303229393227,2735.2178813601454
3.4004648526077097,117.08721184957211,769.7040851046156,1606.3928688384449,2381.3142781727693
3.4104648526077095,115.34894404610121,759.0471429266485,1588.4571931932264,2438.8903962804593
3.4204648526077097,114.45533202309662,755.0394800067554,1595.3829205040684,2724.422801601903
3.4304648526077095,113.98138649093774,744.3541235783212,1609.4639697544344,2715.5345211771314
3.4404648526077097,111.5900256203212,741.0923402637264,1582.8195367653987,2553.1496607135077
3.4504648526077095,110.75202077106324,748.09313805532,1593.407011029065,2527.9738749366397
3.4604648526077098,109.68876883004907,743.8611364457383,1616.6004575228917,2610.4644776323266
3.4704648526077095,107.72607482015486,734.2531261967949,1602.2970183807438,2625.3256033959024
3.4804648526077093,112.60305009619591,724.7395028562881,1624.1561314180115,2603.2025251604014
3.4904648526077096,110.63269633949265,736.9770718058338,1634.823913944666,2193.7122645928857
3.5004648526077093,110.03202587228722,737.3173366267365,1618.7318954240875,2371.521228947531
3.5104648526077096,104.89141212824791,720.544814472651,1613.5706579798775,2750.117490265171
3.5204648526077094,104.3304112056505,712.6410767145212,1599.4497723009817,2623.0985082809225
3.5304648526077096,107.42065352829746,718.3733468624131,1601.5276047949956,2426.0656178799086
3.5404648526077094,106.36927777840238,731.3559222165763,1599.387602666593,2597.562959602217
3.5504648526077096,106.85685578942642,731.37076794075,1596.8118420401495,3029.7514501803653
3.5604648526077094,107.30412982642858,723.3164988129517,1589.314936530943,2978.769619339513
3.5704648526077096,106.64275486875276,711.5469809007141,1576.750300149326,2826.7559299831264
3.5804648526077094,106.43076339651786,707.5348696909768,1578.799412191103,2851.0305260392993
3.5904648526077096,106.40320572987503,710.3972063534108,1584.099941516096,2881.6866309962716
3.6004648526077094,106.56381684594994,714.3796136763436,1584.5188635581908,2873.635906392289
3.6104648526077097,106.64648734944176,710.9323755151344,1584.9941845607273,2880.2709951530283
3.6204648526077094,106.70980524984496,709.2846500720602,1585.477645410133,2932.4377241823495
3.6304648526077097,107.46931333622926,697.2813446509022,1567.664273220846,2847.403326860956
3.6404648526077095,107.97126989316097,680.2382222507819,1541.5970949432697,2782.735541068796
3.6504648526077097,107.98802702581118,671.9500725554387,1538.9150195589823,2798.7145392286257
3.6604648526077095,108.02638783474063,689.5667934192911,1562.926524430485,2836.569795637769
3.6704648526077097,107.7885917537576,697.6925105087784,1558.8025418754942,2814.7735205966683
3.6804648526077095,107.50512636255125,670.5462984723986,1540.1385662869202,2665.7223577141804
3.6904648526077097,107.42431706030271,670.1539100173738,1554.5083291142278,2599.2385745466054
3.7004648526077095,107.74614369956633,670.354671709356,1558.5422809769075,2576.870224778493
3.7104648526077098,107.82650483457438,651.2350742029962,1544.7041016174412,2552.690011767156
3.7204648526077095,107.95480313698272,642.6221191370853,1532.649535743583,2625.2203955944206
3.7304648526077093,107.76553296386997,636.0485019519286,1522.8538598254956,2584.9117532187847
3.7404648526077096,107.96670180643854,637.4068786766036,1515.129017281359,2597.7491866876544
3.7504648526077093,107.87673785174765,656.9966048007149,1527.434264206529,2700.389967006265
3.7604648526077096,107.33162602078218,674.2698107349873,1540.7396990592342,2717.4594178752927
3.7704648526077094,107.12159819410714,678.5757417784641,1544.289944439597,2649.116316994662
3.7804648526077096,107.12255332168382,685.4448238980909,1560.6148994337505,2667.36214854655
3.7904648526077094,107.18658137657758,697.733186345773,1572.682113541213,2884.188259806048
3.8004648526077096,107.32426799912187,702.1813028832291,1572.8557922378732,2889.2288052320664
3.8104648526077094,107.52179441425253,685.6532142607481,1556.23989606125,2752.510483808765
3.8204648526077096,107.49907476349,672.4803972678399,1543.0036984068083,2745.473957478812
3.8304648526077094,107.55841831662786,682.3209855567872,1552.8722198860924,2809.528565147954
3.8404648526077096,107.76258872380642,678.9469787774416,1564.7798488297767,2780.197709352259
3.8504648526077094,107.76746254885461,684.4517741926737,1570.0910697103468,2773.0620940022986
3.8604648526077097,107.75028670268225,689.5601481839356,1572.7129693482407,2817.3687635607193
3.8704648526077094,107.67534409654388,674.9891134576216,1570.2395998115642,2776.6699681751807
3.8804648526077097,107.69944233379766,680.3470460998478,1564.0416071503387,2766.016199957416
3.8904648526077095,107.59946896083191,681.655277399041,1566.5047218839254,2762.3458761483785
3.9004648526077097,107.79275837855292,655.0793651144354,1546.0047918866708,2742.545328801594
3.9104648526077095,108.01297349525771,641.0067989955464,1526.135755490767,2774.527373207141
3.9204648526077097,107.876502353242,630.3414664406491,1512.8164300797976,2664.3223929609885
3.9304648526077095,108.12571025609506,632.6206426417958,1526.6666771338964,2597.3349448012214
3.9404648526077097,108.19225765957606,641.55324277091,1550.862562531871,2630.019897262332
3.9504648526077095,108.23844644234399,640.5720501131519,1557.8177933364198,2687.420003412207
3.9604648526077098,108.0800056140551,641.358074667681,1565.3850619182817,2773.1357558485524
3.9704648526077095,108.05454502326445,637.5199812845768,1557.3234274547476,2760.1845931994817
3.9804648526077098,108.03860518061258,636.0550204426096,1562.291280528963,2768.182448873821
3.9904648526077096,107.97443134284593,628.0512534699922,1553.7111369902232,2753.1863190153745
4.00046485260771,107.8787179313733,624.3780211390688,1541.3545705956426,2726.0067886615607
4.01046485260771,107.87922603680387,627.7397164359332,1549.5188503387503,2644.2724984925617
4.020464852607709,107.93241460781077,623.9177519867872,1540.6793206817536,2562.4402564040497
4.030464852607709,108.26778611186333,642.0863553563793,1527.217913406568,2751.374784342134
4.04046485260771,109.4031002938873,647.7408549308799,1521.132749192706,2762.950628045026
4.05046485260771,109.68294863886747,623.2229245569954,1515.9079743467082,2692.2289038067283
4.060464852607709,109.36195452484607,623.9081619945548,1519.62741019712,2705.83115785664
4.070464852607709,109.65262626751979,628.6093596514996,1533.9072240344303,2651.687372830498
4.08046485260771,110.65212822784476,617.6124607703745,1545.7634624872726,2750.992067187174
4.09046485260771,111.35110024928478,604.9754862634738,1539.8710858730767,2743.940485995381
4.100464852607709,111.48219217529976,596.1689701612379,1531.7403337409605,2676.0373144264963
4.110464852607709,111.57149431939779,592.0856324921832,1529.323366444581,2671.021525949151
4.12046485260771,111.69950687655088,588.7386365491307,1512.5347643640969,2589.8495538492175
4.13046485260771,111.86983969709212,585.9928960125931,1510.977343843832,2623.034509328889
4.1404648526077095,111.82487777098413,593.4324636958719,1525.1356975436106,2692.6886063601664
4.150464852607709,110.59393945370057,610.2028819646033,1529.4790714194467,2711.363483855316
4.16046485260771,110.18900018536507,618.3230441752988,1530.6488944935788,2739.078469851513
4.17046485260771,109.94397917849903,625.1791444390954,1537.7683470536376,2752.103427223291
4.1804648526077095,109.97775349699518,651.137968356879,1570.1181475087906,2840.062872641108
4.190464852607709,109.8563786277781,669.0476752329444,1591.3473845209417,2872.1512500724407
4.20046485260771,109.69833342198675,677.5045816567595,1592.0200282118712,2872.5427260417746
4.21046485260771,109.71286354222795,673.8748320946704,1588.991210239922,2870.785465791984
4.2204648526077095,109.44767063282305,662.9590445739545,1591.2313306772342,2857.3202378517844
4.230464852607709,109.43558037862839,656.2752758468033,1598.6360434859116,2861.1821190615583
4.24046485260771,109.66060962755802,666.8674111172645,1608.5393250262719,2866.2850028588387
4.25046485260771,109.66973873384494,671.8170223360579,1606.6072532875532,2868.268886132174
4.26046485260771,110.23872319525768,651.3143207249918,1586.1001885570433,2863.434223914756
4.270464852607709,111.76293135921402,624.6438631302849,1568.448217124365,2847.7751731099384
4.280464852607709,111.79319315530397,597.8573209048375,1566.6639506658285,2831.451926385272
4.29046485260771,111.71209381682628,588.7166916417002,1566.2663973774256,2735.2756702990714
4.30046485260771,111.36584385439924,596.261286917089,1575.0680171845427,2759.867092462433
4.310464852607709,111.91033601124285,609.2022407854496,1581.5396545413557,2846.3557440910545
4.320464852607709,110.93426355629522,606.3469939410734,1587.8754872082932,2855.85744419991
4.33046485260771,110.43664944822262,610.2873774826594,1616.948408042553,2889.0243195818516
4.34046485260771,110.57545287498618,643.2936101223812,1637.0379127702745,2885.9155358756893
4.350464852607709,111.19052587447435,623.8174595596985,1610.6963640647584,2832.230444441732
4.360464852607709,111.28339358546255,593.2197998793235,1600.7678680950862,2842.052358640655
4.37046485260771,110.75967218263062,621.506985259633,1634.0984805514345,2912.832191043468
4.38046485260771,110.42797902011081,621.1386486457484,1633.229206975998,2920.112508974592
4.3904648526077095,110.78942868335423,596.1349510359868,1590.9333302764228,2838.6249730451477
4.400464852607709,109.96544698279634,589.3429284038464,1579.157134462862,2798.9993018515847
4.41046485260771,110.24150080519757,615.4118173888008,1621.2384114107874,2850.3845359854167
4.42046485260771,110.54884379697688,621.4764457078071,1625.9216000238391,2887.5188353307763
4.4304648526077095,110.86957869187826,594.8760054369279,1616.2873028503773,2877.471275094284
4.440464852607709,110.94615366997073,593.5831166893815,1620.5772185012136,2846.4868595474177
4.45046485260771,111.09936828675916,595.3257452287005,1608.4524503949874,2844.693526865907
4.46046485260771,111.54193543048287,588.8583747401027,1608.571511762144,2830.8779462268444
4.4704648526077095,111.26377085685053,596.1700031895103,1623.9316591334095,2856.3195930095417
4.480464852607709,110.66435450842972,607.2894483761987,1654.4931805246795,2908.0281007488215
4.49046485260771,111.99561020094602,606.0394722787275,1651.012219913523,2890.44047923253
4.50046485260771,110.67001960814014,602.5596114282887,1627.475551850856,2862.7395429523617
4.51046485260771,110.94784178605526,610.3835963720436,1641.5765391204377,2962.472182919521
4.520464852607709,111.63990436875139,611.943861152365,1638.763207080951,2967.908408708221
4.530464852607709,111.60292362865525,595.4589361683901,1608.3161195653074,2838.9593247634652
4.54046485260771,111.71813780192475,598.6151470847425,1617.086355842979,2859.5906866267596
4.55046485260771,111.72030341207635,602.3803973902255,1634.0632495588413,2912.7309824991794
4.560464852607709,111.64519706549403,593.9708396814526,1618.1163567334572,2889.960094643576
4.570464852607709,111.82741679542819,587.0912232684857,1593.4917164173492,2842.896243000736
4.58046485260771,111.41062786927522,585.840789485758,1601.6620113902836,2816.2595490412873
4.59046485260771,111.13882734161709,609.2196531108667,1636.3198655916462,2864.4162794841213
4.600464852607709,110.37484525778521,614.2878025236074,1637.8808133127893,2926.026915179296
4.610464852607709,111.62650024748501,616.458593136321,1647.1173195352653,2926.429578620999
4.62046485260771,112.0820287765504,614.4490360287957,1645.969026499616,2883.3516529537806
4.63046485260771,111.92447887164758,594.4442140212758,1627.4952147150545,2882.1145618966925
4.6404648526077095,111.8318001290541,591.1220297398813,1623.853191414558,2885.19745941922
4.650464852607709,112.40978133255653,590.3672683828723,1619.5441176875731,2892.0816619147486
4.66046485260771,112.27051701021267,618.1650235383444,1632.7248502673383,2899.122051798737
4.67046485260771,112.52526159731069,616.3673109991728,1616.514594853757,2856.7316248165585
4.6804648526077095,112.40776306829254,594.0210447844782,1589.7295780633458,2863.324502297513
4.690464852607709,112.69631946342135,598.6494410736066,1604.2394490871563,2888.569186529198
4.70046485260771,112.08248229424453,595.564985228094,1623.3909068207104,2887.8243677086957
4.71046485260771,111.913694860915,603.089808599972,1629.28619006382,2875.4273376949313
4.7204648526077095,112.13980632680432,608.6165788012462,1626.0034184087108,2853.923765935414
4.730464852607709,112.45463606713885,602.9884443626526,1622.7306539933115,2845.9872110155775
4.74046485260771,112.74827567908878,603.8280510691138,1623.5093688757504,2853.8588588359326
4.75046485260771,111.92252322013013,589.360282309548,1615.6234039444287,2805.988563161194
4.76046485260771,111.83337076777379,603.3750688903839,1626.6615598359333,2829.426197209914
4.770464852607709,112.5332399235654,612.0129682493284,1618.3004743372255,2859.3536303556148
4.780464852607709,111.99892066308863,587.3729065323236,1600.3286789820215,2812.505323753604
4.79046485260771,112.41337444936657,596.6709554287769,1623.1612379834942,2840.7870174246245
4.80046485260771,112.7042614862751,600.4112023494687,1619.3333786627666,2863.9507769877587
4.810464852607709,112.99678294122349,588.1586812992939,1604.2554359546182,2850.4823555321427
4.820464852607709,113.26925656228046,582.8715880654225,1604.357808084612,2847.1186409306497
4.83046485260771,113.26861085954398,579.8682294485309,1599.5002414827043,2840.521969493902
4.84046485260771,113.30934810283722,585.9501252971141,1599.4190117826822,2839.5330698681314
4.850464852607709,113.32203478864152,591.2775806044339,1600.755933976178,2855.658289995403
4.860464852607709,113.41528919802256,587.5500786146055,1600.443946209757,2859.824763334625
4.87046485260771,113.23415832829191,587.124821937975,1599.7276843485388,2850.394892235602
4.88046485260771,113.48093399988589,590.876633630791,1602.7907309249233,2858.4726751113485
4.8904648526077095,113.34709563103608,592.3117301808534,1607.92288738842,2869.7544813671407
4.900464852607709,113.22274464749461,591.1661444579817,1613.0592052172242,2864.8411367763943
4.91046485260771,113.15181043332339,578.846333890316,1616.55396208882,2858.013249264769
4.92046485260771,113.4570347753162,570.2676168915746,1590.769156870588,2825.175377390543
4.9304648526077095,113.32025126756932,582.5528065511631,1581.9329723944486,2847.897675889977
4.940464852607709,113.43501613221922,579.7880188784221,1582.601995966646,2863.3016652993097
4.95046485260771,113.56493099535147,570.2021244915339,1568.7783756539638,2802.33631163892
4.96046485260771,113.7958264872972,571.1124020778947,1593.361930117056,2812.402398391871
4.9704648526077095,113.02273060012666,593.3642906277709,1624.2516914033174,2876.079531118975
4.980464852607709,112.22506646993007,624.3139550938597,1639.516605416078,2924.163144111067
4.99046485260771,111.85696703614867,652.6109245731176,1647.3140331982813,2919.92054182788
5.00046485260771,111.7604438969482,667.9147474146188,1663.8605652323881,2900.523166030489
5.01046485260771,111.58327045031386,668.968653962788,1675.578995207596,2896.7527720733146
5.020464852607709,111.37577960856952,657.9133193000373,1665.2912095238298,2898.090645094097
5.030464852607709,111.2632859565381,632.6919674587333,1653.4057144816302,2918.757481138648
5.04046485260771,111.11389578797902,640.7405678925163,1651.1728821066959,2925.830921749864
5.05046485260771,111.11010026760755,652.6371289519941,1654.3494150721467,2917.755889255709
5.060464852607709,111.08251397689739,623.083301077485,1642.4156054863518,2877.2654023837717
5.070464852607709,111.08593322796142,595.8881005123872,1638.7117185894494,2856.1151186275397
5.08046485260771,111.18067925106222,593.2587512519233,1639.5773738377745,2870.898376352768
5.09046485260771,111.39169911197006,611.824387322529,1638.3064978707735,2922.637089516168
5.100464852607709,111.49622573597827,617.9529633016891,1647.8264684660976,2955.1964775015463
5.110464852607709,111.57229944238095,616.1523554996897,1653.5892478248047,2968.6530840004884
5.12046485260771,112.03232082867416,610.65458268587,1654.0288477487854,2975.7017999303043
5.13046485260771,112.17829942120046,594.1490285465901,1653.0734722808697,2936.554190962434
5.1404648526077095,112.42001400094205,606.8532831927407,1657.5209865956167,2933.448817434948
5.150464852607709,112.7727152487147,602.9946837167519,1659.2009155580406,2924.982568173848
5.16046485260771,112.98237449944904,599.6319788818904,1661.061073005373,2916.8410792700724
5.17046485260771,113.23459616905872,614.0814784433408,1665.6575192314522,2980.576189615912
5.1804648526077095,113.4912297383137,602.7865217503556,1656.965306780071,3006.754572329715
5.190464852607709,113.55252560558623,583.2750548471063,1657.4155157176176,2968.73070349118
5.20046485260771,113.61783287986962,589.4046465996785,1661.401019001888,2946.225100729617
5.21046485260771,113.52710777139369,595.3103752868486,1663.211454986843,2950.5545722438087
5.2204648526077095,113.46922476546978,611.0776403445548,1667.184534710528,2983.711855758161
5.230464852607709,113.2057811121961,619.3084470570473,1665.80538926537,3040.1030971560726
5.24046485260771,113.2139714778118,606.7163274908182,1668.2526020884234,3033.999866529529
5.25046485260771,113.1459721786806,604.4062428558827,1669.8614285027088,2965.4086191613787
5.26046485260771,113.08017586413975,612.2937491506483,1671.345104063389,2962.491436516806
5.270464852607709,112.96366404438533,615.4062819426985,1663.605990311687,3019.5797745930868
5.280464852607709,112.9029665932898,604.0078650239722,1660.5951200848672,3058.2482679759732
5.29046485260771,112.77478085335231,594.8853236452633,1663.7961167036663,2988.167519822252
5.30046485260771,112.74486994251791,594.4432110517943,1664.2079615775601,2941.3265070947414
5.310464852607709,112.62501233204668,609.815091721231,1665.49547890902,2948.959322794201
5.320464852607709,112.60811351852065,610.0983269184426,1669.744911346657,2966.0786752959743
5.33046485260771,112.92461857379091,593.039689107361,1652.0351917765245,2940.095007575387
5.34046485260771,226.12546847170776,585.2501667184775,1627.901549581351,2920.8798544095885
5.350464852607709,226.0035922082539,588.7707394442185,1630.888017784153,2964.2586889887166
5.360464852607709,226.01634387658345,583.4360449088903,1631.7156153651297,2631.7292254255626
5.37046485260771,225.85680918014,591.6048597701936,1626.0373790649207,2689.0353259572203
5.38046485260771,226.0429894149386,583.9906537092186,1610.030736041203,3002.754531314185
5.3904648526077095,226.12967312472446,559.5335145281243,1589.0281362136682,2606.537009785703
5.400464852607709,226.15757071989066,562.2419598006165,1605.6894147203204,2242.2472224577036
5.41046485260771,225.9230166327512,579.1611069712128,1633.8878674035375,2630.2362081918095
5.42046485260771,225.96645745413818,584.0740094482826,1624.602632109004,3013.7914062902246
5.4304648526077095,226.11727900935324,582.5477153525026,1610.8705753657594,3020.577666921273
5.440464852607709,225.7071233780771,593.9607956698527,1623.4051359335324,3054.618104746859
5.45046485260771,225.3197738629658,598.3014796218849,1647.9315031191804,3067.34559628638
5.46046485260771,225.21929137873698,576.3741587411073,1655.6128471875538,2457.689155150958
5.4704648526077095,224.83643247872712,567.6789876728865,1650.4617820527283,1783.4627676167474
5.480464852607709,225.03194583261399,570.6426602274721,1633.5195989841322,2369.878076441493
5.49046485260771,225.22473487852716,560.0128443934121,1607.3486514536537,2599.8539935463405
5.50046485260771,225.662191678986,561.1567871389627,1599.5760216851222,2709.324817544363
5.51046485260771,225.82297159141572,567.8810866496218,1624.5265633774702,3126.9897079909065
5.520464852607709,225.89116473302798,588.1240977553243,1638.7950181791173,3011.3044167856333
5.530464852607709,226.44770920024618,602.9657344935722,1636.7043756966168,2973.874725500823
5.54046485260771,226.79460534876497,579.7042986202832,1628.9966776551032,2969.4449346813717
5.55046485260771,226.84583531167868,538.5326703541061,1598.8248704313298,2916.8645339231352
5.560464852607709,227.3280895535836,529.6073127308215,1596.4043910933003,2705.936689328573
5.570464852607709,227.45019931451677,537.1740980774533,1602.4983618725792,2769.9527214340287
5.58046485260771,227.75834394796536,533.869279927093,1593.1293668188355,2954.4579331916857
5.59046485260771,227.80843289163136,540.9721597375024,1593.8510707075752,3002.7265199866592
5.600464852607709,227.74053841219762,551.4415105373374,1593.422997780593,3124.181935281973
5.610464852607709,227.40537062765543,538.5389279123692,1578.5200051897793,3184.2187621839694
5.62046485260771,227.17542820890247,540.0169870783491,1577.0684597467489,3143.9637911828577
5.63046485260771,227.69697734752495,549.0752678110289,1582.3394492764835,3121.329037221194
5.6404648526077095,227.87394098172356,546.7314826025743,1590.182104033855,3117.590133229035
5.650464852607709,228.40394776118774,558.3046543660996,1605.4613097858369,3050.258915837919
5.66046485260771,229.18313015794004,562.9578607937412,1606.619502499594,3057.639750137754
5.67046485260771,228.73451045652027,576.7847770484042,1602.7424634008123,3245.8565736435107
5.6804648526077095,228.44746742933387,587.2279475023023,1603.9823624944338,3330.987042730695
5.690464852607709,228.2400387149008,585.0975025295994,1616.9805727426665,3224.275106643519
5.70046485260771,227.9694686876134,588.9730845954884,1632.3221439779186,2421.9168910857593
5.71046485260771,227.54634141918922,593.8542523963988,1644.744967410728,2349.0370683501083
5.7204648526077095,227.02652760561747,601.9682208624041,1654.4508946818705,3047.684357006547
5.730464852607709,226.88602614944983,593.6289644836738,1651.784349769284,3089.435784720252
5.74046485260771,226.29230468365986,590.1718953842735,1648.0678081656451,3081.143846729673
5.75046485260771,226.1872524398047,596.7888942403572,1642.4412817106113,3054.0466622431222
5.76046485260771,226.31575122866687,591.2076546260711,1644.1457579643256,3012.141876703669
5.770464852607709,225.9117683216765,589.3480688445931,1663.475237675828,3031.837534373931
5.780464852607709,225.79116986227316,589.2071723675758,1657.8345802433093,3061.960706688512
5.79046485260771,225.78473000946786,579.988993860286,1642.6435909104925,3067.2520547666636
5.80046485260771,225.86056384759783,574.1441257948686,1631.8476655893544,3134.758278873089
5.810464852607709,226.1021724721418,577.4653018372791,1629.95280789226,3163.2760502168094
5.820464852607709,226.2641717343117,580.7259990974032,1636.121890190612,3094.7560543288355
5.83046485260771,226.36465982721325,578.2298517513835,1625.7850232927453,3044.5752347901866
5.84046485260771,226.3264698100318,578.8774546624953,1621.0292674388973,3166.741128197901
5.850464852607709,226.10909926353386,589.4441547702195,1630.2123631772033,3182.3544193237026
5.860464852607709,226.20671388435167,590.8461427411711,1645.3760948442516,3085.6757660776175
5.87046485260771,226.17244815520058,583.2651141138665,1654.018657750804,3075.648492038861
5.88046485260771,226.16263085446894,588.4761818574913,1652.0528911823899,3077.5152196019176
5.8904648526077095,226.19971460367583,586.8410658739724,1647.4020195854744,3049.678394383308
5.900464852607709,226.54849051750716,570.6268426136073,1637.8279124353612,3031.39190969315
5.91046485260771,226.81210894041456,565.559425491328,1633.693276788441,3001.3241293061587
5.92046485260771,227.19061728337869,577.1416867983594,1634.7027639859741,2987.768662838784
5.9304648526077095,226.97515705023332,587.0951154362243,1623.0048666201837,3006.3286565538665
5.940464852607709,226.67686588696102,580.9748059809671,1604.1789950332245,3001.42787664264
5.95046485260771,225.91836181688242,579.5883528351014,1599.3876528065425,2992.7439507455388
5.96046485260771,225.30008750034534,585.9465198288083,1614.155452429456,2989.6467718150116
5.9704648526077095,225.18057653892208,601.1194160237428,1646.7466486329758,3003.757837580415
5.980464852607709,225.629842111546,605.5582527827681,1682.5066614881805,3088.532793383869
5.99046485260771,225.9607102345651,595.8343308999222,1643.0187404403036,3086.750215943035
6.00046485260771,226.25319893289247,589.3697189732407,1595.124318981151,3042.2277454801524
6.01046485260771,226.45800137938397,589.2588328484076,1593.4652800292806,3076.228740059558
6.020464852607709,227.3735715966016,600.1178373175836,1601.3020505844104,3055.6111343237376
6.03046485260771,227.5278574492337,613.7226346327975,1633.7277021212908,3073.48092827244
6.04046485260771,227.8104091309639,604.3485414480735,1627.0386270611039,3061.942602049041
6.05046485260771,227.58909694633107,600.4446907722179,1611.108493988074,2999.293687677956
6.060464852607709,227.80985669637477,607.6741305946309,1623.7386752892094,3002.553773518518
6.070464852607709,228.28507136050544,607.1364483417368,1621.1293813697393,3013.929433072083
6.08046485260771,228.3746479614972,605.6565629547856,1607.983005308135,3029.375616414349
6.09046485260771,228.17244294271745,594.7979256834752,1607.812169491007,3008.914265437097
6.100464852607709,228.41751343790162,593.6683353584938,1613.030873437501,3001.922955309155
6.110464852607709,228.67955624136516,592.1147503295846,1617.6855686391125,3002.054806836732
6.12046485260771,228.6226028332842,593.1865924853107,1631.613467697926,2994.833854324542
6.13046485260771,228.48486829273463,602.6420623231822,1642.902641044249,2990.743382887971
6.1404648526077095,228.54273646262922,608.2368029696081,1640.4434595024113,2999.390485755359
6.150464852607709,229.080888751882,614.6080745095791,1638.5370643998078,3053.3154034095023
6.16046485260771,228.9783920989047,613.9995842165646,1627.3031244845959,3021.497547142283
6.17046485260771,228.69410794154024,613.2654291676657,1631.1781989348683,2995.6842006519355
6.1804648526077095,228.43003778745097,614.9881453252094,1646.0924967394367,3010.3896626069163
6.190464852607709,228.01248188752044,614.940755184361,1641.9369893573935,2986.484036145244
6.20046485260771,228.31833508132172,612.9011427385695,1638.390355070172,2865.1211142448738
6.21046485260771,227.911046284309,607.5701391716367,1627.593168996285,2909.7675144198247
6.2204648526077095,227.49637310524767,606.3759633909733,1624.4205975053715,3012.194616674667
6.230464852607709,227.3864528642855,602.1537675492849,1620.0107429707027,2864.4604712631754
6.24046485260771,227.59426688600024,597.5756330513443,1607.107333950472,2823.4862192896435
6.25046485260771,228.3501840288391,600.8171772225434,1604.6890764753098,2879.1598223793126
6.26046485260771,228.50698193773195,610.1254171791553,1606.2032518153765,2958.6182756804187
6.270464852607709,228.70875128836633,614.9697891036545,1601.3332990350957,3053.958058543395
6.28046485260771,229.2565633096442,617.146158136839,1605.712223966123,3332.199467252184
6.29046485260771,229.41374883320697,619.2095373963591,1627.324626326867,3451.0982660068994
6.30046485260771,229.348570514374,614.4185270383706,1622.8065405253283,3177.402836015427
6.310464852607709,230.23849475718342,608.5957552467311,1603.2445641369861,2969.1289098359944
6.320464852607709,230.73249592903323,609.7030276178741,1595.8200462629266,2907.3787912736666
6.33046485260771,230.678769557082,615.037920343618,1602.0373186204433,2963.479983342442
6.34046485260771,230.3311232486968,618.5847407476663,1603.668075334147,2988.8097631002747
6.350464852607709,229.68356346996464,615.812714304953,1590.617100988701,2895.6645628498645
6.360464852607709,229.35702162679996,612.6997277650019,1588.2740450813776,2895.840438174218
6.37046485260771,229.11545767846863,611.1629168789423,1573.9769442533343,2810.0423890534976
6.38046485260771,229.27309992799334,611.3912064507621,1563.1874655837173,2722.3777181412015
6.3904648526077095,229.1754834979868,614.2065148913044,1577.2578408035513,2770.834350673557
6.400464852607709,228.89441484993083,617.4611181167221,1589.1969437247496,3247.168399316424
6.41046485260771,228.6296485839238,616.370379001884,1583.1165279115166,3500.1490074284284
6.42046485260771,228.0595607033718,611.4122729585813,1568.6345070983293,3177.5322070681254
6.4304648526077095,227.91586606465106,614.0122035886924,1578.4513222097237,3246.0546194494477
6.440464852607709,227.76608849594697,618.50812168334,1600.875778900496,3339.2347278496936
6.45046485260771,227.42908105928998,618.5069829176302,1632.2909887274182,3203.77561032027
6.46046485260771,226.69471130088075,612.9220234593646,1623.4815514367697,3074.9702188986944
6.4704648526077095,225.98712953158187,603.2300026966351,1582.0725232544034,3007.9262544444236
6.480464852607709,225.75504501993348,593.1052325293072,1584.9807596145645,2933.158536313492
6.49046485260771,225.71403899257174,588.5075046256734,1614.182997179349,2834.7405940286367
6.50046485260771,225.88344238053827,576.4639411042235,1573.3238265002858,2802.9661895794898
6.51046485260771,225.68681504068275,563.300392070358,1546.4239493701841,2768.3470639792804
6.520464852607709,225.4896170509881,565.5093875027549,1589.216154203468,2701.9029923064254
6.53046485260771,225.24580353231235,556.715179274544,1621.0883005191163,2695.299389791636
6.54046485260771,225.16023594345418,549.8595549978364,1614.2199521841342,2802.015502245242
6.55046485260771,225.15285656548903,554.9557086022464,1569.8655994399005,2865.747469467292
6.560464852607709,225.13874150538868,569.7077786355047,1589.6368669804651,2893.7561910414397
6.570464852607709,225.34971274634935,570.848329864827,1629.9479560552213,2788.732022940598
6.58046485260771,112.97641328359042,568.9515388608336,1655.8540087892002,2839.7270960133274
6.59046485260771,113.92042677700677,577.2863256887293,1643.3614281910052,2715.9816209332494
6.600464852607709,117.74435736599037,586.2866416903423,1605.4815409677076,2620.9535096743334
6.610464852607709,116.68759296684632,558.4533745949358,1601.0109454905669,2660.4937134260113
6.62046485260771,115.52743688959343,545.7414117281181,1608.551733113978,2610.3417021371206
6.63046485260771,114.9146655860175,570.1589050719373,1619.06340983384,2816.81148242999
6.6404648526077095,115.49195566255668,573.9853003301764,1621.7073928961495,2405.0653034747015
6.650464852607709,115.3450582304177,582.7238988348776,1611.7520699234271,1879.7439751346628
6.66046485260771,115.55215855830558,577.5962229646516,1598.5309049560326,2288.7044907497193
6.67046485260771,115.5582045169207,587.304647113504,1609.790958592503,2937.6865206494203
6.6804648526077095,115.48209772992588,592.5398891641755,1612.6318080979395,2810.263750772049
6.690464852607709,115.48542675123426,582.5117227230861,1610.6241287533626,2677.387689505537
6.70046485260771,115.35757076951313,580.4585789286668,1623.3918238266256,2545.0333198146277
6.71046485260771,114.9756238465381,577.3458449579416,1622.6114853090796,2303.668612961245
6.7204648526077095,114.50429289780482,567.9094556614334,1611.216246514916,2366.3435168394835
6.730464852607709,114.16841535733833,563.3143709564573,1611.7100702530638,2595.598899131684
6.74046485260771,113.91765920481683,570.2889193727763,1601.1876210748653,2655.3483635764305
6.75046485260771,113.33795821016032,566.0491458858473,1586.231326009484,2290.9378656579574
6.76046485260771,113.6559415350731,556.7392861026246,1561.3891396169386,2269.2663686351866
6.770464852607709,113.43380366781165,557.8075485417226,1563.3548557916567,2576.3675717560336
6.78046485260771,113.64011025914103,575.8031240121734,1593.23038198742,2783.2329902975143
6.79046485260771,113.45265506387705,569.8558942362206,1586.8685583833872,2749.110412662745
6.80046485260771,113.61178767990997,551.1632198317305,1566.4988470603869,2568.997989505784
6.810464852607709,113.46473165628312,555.7563004769376,1564.9915162977745,2544.933224501615
6.820464852607709,113.38171873354779,556.2830593519744,1566.3554328513958,2572.934764557578
6.83046485260771,113.06585794253694,550.8270323074523,1562.594279385711,2548.8024348698286
6.84046485260771,113.80719382319,550.007385504479,1567.8375125324349,2571.166354465134
6.850464852607709,113.41287272141953,566.2110546866456,1568.2445874433122,2700.979847727033
6.860464852607709,113.39635519521045,574.4536017739572,1568.727915643602,2816.946885127246
6.87046485260771,112.89961868256604,558.3649400275551,1574.072941007116,2702.2185787899875
6.88046485260771,114.97369634271286,559.010602274633,1575.493157103668,2709.361460656192
6.8904648526077095,111.46092244812466,573.481634250712,1566.2632524830262,2876.1022296287592
6.900464852607709,113.32369875878986,581.5038440848691,1583.4458367822958,2891.335873940597
6.91046485260771,112.614446194862,608.141267246642,1625.2872633158136,2921.3594950178394
6.92046485260771,112.53659407522619,621.697920707475,1642.5266924858186,2930.212653135598
6.9304648526077095,112.65685535445155,611.7366181709828,1632.4520098487246,2868.9529442749586
6.940464852607709,112.78283106977644,603.1145042103761,1622.8182641996748,2890.4202730986867
6.95046485260771,112.78929120980969,593.8290713965303,1602.1464583604843,2921.7459898292764
6.96046485260771,112.98596213524004,592.104093916506,1583.7066665578523,2890.4123115539164
6.9704648526077095,113.29848100215227,584.4647920438579,1583.5938103344974,2802.6957220902877
6.980464852607709,226.73326426904913,583.3464638751495,1585.1920746512565,2942.2782879875836
6.99046485260771,226.84481071835953,588.9861518628592,1585.9870657733168,3496.1897384722542
7.00046485260771,227.0150831428886,583.8741706635485,1585.4844543590966,3468.9973006300306
7.01046485260771,227.3552587553911,578.2208474993342,1590.3123087026938,3067.314260451675
7.020464852607709,227.65545415577992,571.0728361165786,1596.2738990179262,2979.131932253978
7.03046485260771,228.12500266957576,563.1087021776422,1595.9888067062047,2774.356855639111
7.04046485260771,228.14014455315385,555.5739891089088,1587.6772246776036,2739.4364128857324
7.05046485260771,228.85534921432705,561.0942195471627,1590.7847504031367,2967.2802578309906
7.060464852607709,229.20187536002445,583.1290719088211,1600.2326401478128,2888.1703873113493
7.070464852607709,229.48348569450656,593.5767869826774,1600.8855442754214,2812.702165180536
7.08046485260771,230.00231278462957,593.0633526548781,1602.5234535496102,2868.9584818216717
7.09046485260771,229.6999562113563,589.9797439137113,1600.6804195565799,2808.0586312530118
7.100464852607709,229.36420805286522,594.0980988900209,1598.2809977568747,3138.440511681808
7.110464852607709,229.23634214712814,595.3148275697743,1596.6939369123452,3055.647520420565
7.12046485260771,228.74918212896097,598.9692503761582,1598.8734193975781,2844.1641747458752
7.13046485260771,228.567468354046,604.2881746969488,1598.297068555459,3035.769416841329
7.1404648526077095,228.15565686266692,592.5915096059107,1595.3392239775005,2842.171573637426
7.150464852607709,228.25141796708056,584.6511832363022,1597.904445008997,2380.3494359191336
7.16046485260771,227.8685489236219,590.8003083564627,1594.059937435737,2481.199982273204
7.17046485260771,227.90001944230795,595.5748547195274,1589.5658551787865,2897.325824134147
7.1804648526077095,227.35422948850191,590.9188694102315,1590.359688649081,2975.9985836074734
7.190464852607709,226.88245919638976,584.7266700488606,1590.6582839563036,3173.4118957659043
7.20046485260771,227.04285340300578,584.5471556916597,1586.4028163586045,3241.081407681768
7.21046485260771,227.13207448844764,582.608314138769,1576.0150383226762,2532.792365160538
7.2204648526077095,227.15998603016018,585.4545736593064,1580.328715238208,2195.303181168456
7.230464852607709,226.95063897395943,587.3297662073599,1588.4164327841338,2382.0199202701583
7.24046485260771,227.04458528808354,573.8040703906291,1573.0070775332547,2282.923691616976
7.25046485260771,226.33131553251403,559.5604930133446,1569.4719589915856,2362.4559655261482
7.26046485260771,226.63142196886628,555.5975914669802,1586.7624316692118,2282.1027836953185
7.270464852607709,226.51091274675562,560.9940674162095,1588.9909541200389,2167.764785079632
7.28046485260771,226.14683551991686,560.5746345353407,1582.516595252372,2236.4553888836135
7.29046485260771,226.38674337943644,553.4370381056492,1583.2918927382761,2362.0992473667484
7.30046485260771,226.32937235395056,554.9923074083133,1588.8064352868532,2495.3572227176874
7.310464852607709,226.01387156938188,557.9072542936926,1587.5657112641288,2684.8284927337686
7.320464852607709,225.94417495436858,558.2471599731041,1584.1220216821855,2884.225270504105
7.33046485260771,225.6919738896221,556.0708021462691,1579.7182610972363,2829.0218691424407
7.34046485260771,225.71391805085167,547.2268315800997,1582.922722815154,2627.419589037253
7.350464852607709,225.61599562897777,551.8838230711203,1594.815446749232,2664.2250584825097
7.360464852607709,225.9560528009594,560.7138660075169,1589.5093269603365,2808.704216048602
7.37046485260771,226.85847592033386,554.9322982534107,1585.8123533649605,2524.5663988929036
7.38046485260771,226.77311752384867,554.8764076463809,1580.9862127735598,2493.5750077598523
7.3904648526077095,226.57187091558407,553.5775302533838,1578.6077375922166,2499.8539460463558
7.400464852607709,226.42771070184634,558.7194477276968,1586.9570814380868,2480.124095066152
7.41046485260771,226.4433524631702,562.1353449679292,1586.1846373738974,2710.3179302811914
7.42046485260771,226.3891163938742,556.3805470281874,1590.1758552238607,2492.4174298098123
7.4304648526077095,226.56927912182255,569.1307918442044,1595.5105549192992,2243.85289437634
7.440464852607709,226.43015422532307,573.2896437628091,1596.4466899658032,2503.343464699695
7.45046485260771,226.08734314923126,571.4933030602862,1607.0182121666815,2789.205416349894
7.46046485260771,226.6266568432509,566.6011168342518,1603.4576390138755,2518.1263303283513
7.4704648526077095,226.5303518292786,556.5126590563399,1595.779164843915,2340.2480284141566
7.480464852607709,226.9196926423506,561.902722347915,1602.3116449073304,2643.982592433758
7.49046485260771,227.12194991046738,575.7742461975254,1602.6208524572921,2893.6464619503345
7.50046485260771,227.11765358975617,581.3932134152309,1598.2855556179436,2927.037679161298
7.51046485260771,227.29542837779516,573.865248796029,1595.4833436892022,2873.9989467315504
7.520464852607709,226.9853763192234,564.7609356281405,1592.5360935600672,2830.858885003453
7.53046485260771,226.78821225590826,558.0228894158988,1597.3185777280576,2839.660209959338
7.54046485260771,227.09958648626596,557.3550425942251,1607.454966321992,2841.9997809913148
7.55046485260771,227.18608819032144,559.9516843998939,1614.9804561919598,2892.2735475993272
7.560464852607709,226.9712737266602,570.9175561523214,1626.7478831496107,2937.738104951386
7.570464852607709,226.601733328752,575.7225963633668,1627.4539417058336,2876.2690709150515
7.58046485260771,226.68624314704627,564.264689993536,1612.8854955718273,2893.61478596621
7.59046485260771,226.07885978083485,562.4824720897095,1619.9703018396547,2959.3832824114515
7.600464852607709,225.93414039120367,563.452521893969,1635.0357450938218,2930.0916374792487
7.610464852607709,225.85986982306986,562.3535818381926,1626.2301697395524,2915.5343810555883
7.62046485260771,225.82678273376962,566.5528821011255,1627.985362063097,2985.694543751123
7.63046485260771,226.01099348662646,568.872202896042,1632.5214159439763,3037.8247160295227
7.6404648526077095,225.97947410980757,575.2238796031386,1616.9642907628947,3028.0850202625124
7.650464852607709,225.56168449459526,587.8045091102272,1603.8347826240813,3106.6613706432663
7.66046485260771,225.27720550232513,599.7918661298654,1610.4961729057359,3137.497287255788
7.67046485260771,225.33282056597645,608.9812311059698,1692.5595724144575,3120.8915558259155
7.6804648526077095,225.52122804819732,611.2484783504633,1770.7570342424865,3222.0982746964246
7.690464852607709,225.64233029744213,617.1447846336562,1779.6604870118429,3636.4358356391112
7.70046485260771,226.06528536325578,613.387570257468,1527.8255856118076,3164.9752825366063
7.71046485260771,226.687371556317,594.3443384106309,1456.7159496902036,2277.9634892971917
7.7204648526077095,227.562926806861,599.9153484381409,1733.9880715520637,3085.57155665428
7.730464852607709,115.47949551229968,597.0920265476922,1712.4515003722386,3119.4335993224686
7.74046485260771,119.3116950432812,558.9636039794459,1581.9529466750132,2256.72355732122
7.75046485260771,118.30774594396496,530.9935529003575,1570.0381977774655,2305.893915776509
7.76046485260771,116.66793272017821,542.381268644572,1585.6059369494121,2467.71757800175
7.770464852607709,118.43945032757159,558.7393917494614,1582.4587036759535,2484.7759341861865
7.78046485260771,114.99118411471866,558.4950727144351,1600.9348231289864,2780.600213624762
7.79046485260771,116.18814968741412,560.7956848062134,1623.3065248982057,2603.85166425212
7.80046485260771,117.58360705287112,597.5985373739644,1606.7251126892322,2504.438690939395
7.810464852607709,115.55565173668852,613.0280478760816,1603.5109652015599,2926.98105191152
7.82046485260771,117.75847776250035,595.7931705714459,1603.8418536653799,2962.577619781551
7.83046485260771,115.9302919801249,596.1390390648346,1613.703068243353,2906.94408246863
7.84046485260771,116.44275845646688,588.2657186460807,1616.6688911853116,2816.529950893131
7.850464852607709,115.68062421250423,582.7859966105888,1613.3292670660637,2664.915215835464
7.860464852607709,115.67497768761628,581.6100290190604,1614.853300059388,2437.920296833235
7.87046485260771,115.78303425740087,581.1246815407773,1612.8417234666083,2482.9390131454456
7.88046485260771,115.91965997511682,591.1740535299267,1621.5337387788832,2720.039508006889
7.8904648526077095,115.84488128862267,616.5623826778404,1628.7387606333427,2930.8859291574477
7.900464852607709,115.68696859790306,622.2245121851048,1624.3599807814257,2978.8077740792132
7.91046485260771,115.53962522361942,613.0013342106341,1626.632857111049,2984.488950014245
7.92046485260771,115.26932810036374,598.9889926930392,1627.0729567801206,2908.612134057366
7.9304648526077095,115.37639612498432,581.197391280698,1614.6075265152463,2605.100444814017
7.940464852607709,114.41899575075692,584.7178655249625,1613.2738039511062,2573.4955823882865
7.95046485260771,115.55147622437819,595.3250255657053,1615.2018386661985,2784.02473169205
7.96046485260771,112.91160553787755,590.0077230694415,1632.7169421947606,2833.0507720441387
7.9704648526077095,114.62647390418529,585.0961614581053,1651.0676789746565,2616.354806491686
7.980464852607709,114.76804214079422,600.4190381350296,1631.1551209600275,2609.0732102899724
7.99046485260771,113.84278017493017,596.9444718827581,1615.039888190491,2859.7453015769224
8.00046485260771,113.90893192505733,595.5614223690369,1609.022204414031,2870.757229272352
8.01046485260771,113.77293405358486,620.5721142722134,1620.2159162976034,2969.0053950183724
8.02046485260771,113.56917455810613,628.3309206147412,1594.0695964790482,2374.632146360534
8.03046485260771,113.68221641618506,614.5571596688405,1589.2655898241949,1784.7099652134575
8.040464852607709,113.69998357215609,610.641357948742,1626.559241542371,2174.305555001441
8.05046485260771,113.58867958851955,615.0812106045045,1619.7186637478767,2177.6261718204705
8.06046485260771,113.8297828951016,607.1074086224781,1611.6513093319638,1843.3444232822521
8.07046485260771,113.58636212861121,601.4702444532736,1607.7568620935858,1997.6875513652499
8.08046485260771,113.57862623587465,606.1298909889254,1593.1809616398712,1916.285082715909
8.09046485260771,113.71179608910145,610.9866284074002,1464.9838687991512,1606.266970310949
8.10046485260771,113.83411340087083,604.1203222843981,1471.8641763323342,1826.6822164544606
8.11046485260771,113.90174511301782,601.1615904189808,1597.2370189190508,1972.2464931950162
8.120464852607709,113.87629409185728,600.8018086605573,1599.4692642059147,2045.483559159162
8.130464852607709,113.98659768740644,605.9953458753153,1596.5125973165761,2810.9574583321487
8.14046485260771,114.28118503625731,605.7299271747014,1600.6691921170254,3154.5993609069046
8.15046485260771,114.32364404516443,614.9334046996696,1601.3602077580279,3096.6465730071577
8.16046485260771,114.32413198387181,615.0483013770579,1598.7128021086069,3173.529326331717
8.17046485260771,114.31215220411632,593.1291111582985,1597.5219827874143,2521.187000612235
8.18046485260771,114.55295523535614,602.667904753957,1595.3540465333358,2511.529149057871
8.19046485260771,114.53177411115243,608.296113269689,1595.7810263464316,2857.905548360188
8.200464852607709,114.35541099340166,610.0976225405992,1594.1253337284097,2854.0543743834933
8.210464852607709,114.56816498766683,607.7056971240055,1592.388114689377,2874.2598304323733
8.22046485260771,114.68877332327588,593.39241784603,1587.3873184466277,2700.977086137339
8.23046485260771,114.54946836846963,590.7547909173159,1591.7999952967948,2273.814083855084
8.24046485260771,114.64749637444187,597.0482312159554,1602.2213847747807,2445.0156539507484
8.25046485260771,114.5669135655011,601.5558630845333,1604.723154509343,2636.800657564163
8.26046485260771,114.41020554195316,599.4397036398731,1606.071981898247,2254.9459142965966
8.27046485260771,114.29085485776764,603.5491494609632,1606.105222617555,2551.148197465109
8.28046485260771,113.99827410474856,596.1307836875402,1602.0346995876569,2621.060464152959
8.290464852607709,113.79250442562396,585.683891629218,1599.6523212814498,2245.8839994573746
8.30046485260771,113.77209276537135,581.482965375992,1603.1788849993172,2048.243435919475
8.31046485260771,113.81773423831285,583.1576872924907,1610.3698307130417,2157.2685022452392
8.32046485260771,113.78302063622861,585.4746333950266,1619.3319476307988,2345.3933159359703
8.33046485260771,113.78902223466035,583.9470006788474,1609.6126037931892,2535.2514228277896
8.34046485260771,113.87955791267254,585.1036556860755,1602.344881833124,2647.6819094234656
8.35046485260771,114.01288419259008,576.2417445905604,1603.2400857355217,2377.6058187185267
8.36046485260771,114.00963675412146,577.062389105038,1611.3602452659634,2255.8338191280004
8.370464852607709,114.02375026744097,587.1077540595018,1618.6333380166063,2278.841263349377
8.380464852607709,114.16889851785153,589.7394319235597,1610.8086405824592,2249.521895318724
8.39046485260771,114.45975000531989,594.7685191006817,1604.1721098306061,2512.609913842043
8.40046485260771,114.36242923221536,595.5713967237391,1601.6918710236428,2477.0680443008955
8.41046485260771,114.48026851225227,591.5853325486096,1608.1265681699265,2280.4674111194386
8.42046485260771,114.26612659323315,586.091163484002,1604.028309511446,2450.7347855217663
8.43046485260771,114.23699986001901,576.0040540333357,1589.400681546431,2519.612727221864
8.44046485260771,113.98048003795842,568.1749608327267,1580.8337983114616,2569.097843778144
8.450464852607709,114.0857026423994,555.8872177031515,1578.2648053862717,2666.232117618119
8.460464852607709,114.30509241345382,553.1248521603543,1584.6402940276846,2643.089626659342
8.47046485260771,114.21522916758101,553.6172526389997,1586.4462663657657,2701.1434649316675
8.48046485260771,114.22693384498344,539.8811278598861,1579.6136607896228,2547.353089762642
8.49046485260771,114.43374052020033,535.3586982656207,1582.691910904032,2567.0416459725634
8.50046485260771,114.6313227215064,549.9472128804098,1589.1517056484477,2859.45919532533
8.51046485260771,114.4742389290358,568.9694890453975,1592.197810907274,2881.3483293751524
8.52046485260771,114.57180804917589,559.0866115777171,1591.3481717281365,2841.9886787080864
8.53046485260771,114.31604740942872,548.461095383589,1588.0820272072224,2823.1210212895485
8.540464852607709,114.25042793868306,555.4663473283251,1590.5020856470928,2825.7253771247656
8.55046485260771,114.133784380366,540.6020335179401,1578.8657676908983,2786.7472621503484
8.56046485260771,114.07269819314554,543.1406631004915,1574.3172802352296,2693.3185981725437
8.57046485260771,113.95564128500112,555.5085427543061,1597.781099044441,2185.939101788513
8.58046485260771,113.62686666930414,535.1506086197478,1603.4876767313333,1840.1205396411328
8.59046485260771,113.45106780903288,520.5679420251829,1602.1013572818624,1943.2087672865414
8.60046485260771,113.21840357136624,528.085867409254,1613.8574254767052,1995.1524549850258
8.61046485260771,113.30605920757638,534.7976374478772,1609.8922433299647,2229.2357462867467
8.620464852607709,113.88400844010549,540.8324546683456,1628.6858680869532,2152.882234537219
8.630464852607709,114.5113818443842,552.8532603117915,1653.9196634152788,2025.7387012388126
8.64046485260771,114.58159651900965,566.3309609496315,1640.4116438392189,2859.5250436976858
8.65046485260771,114.19395471550332,575.2611185490538,1625.6003767464074,3302.8920841912723
8.66046485260771,114.89853335013385,552.4191475983487,1604.25098390543,3019.6991704401626
8.67046485260771,114.99755404258322,522.868735340807,1571.8022157188902,2837.810227497256
8.68046485260771,114.94234692998842,526.4941178967387,1565.3389247909915,2791.1730721835215
8.69046485260771,114.51022795352232,531.5997504616568,1575.6737996952527,2936.4925588553856
8.700464852607709,114.63031751355932,533.5501705947867,1589.0743376863186,2869.3110828212393
8.710464852607709,115.01732994178025,547.2504041332675,1590.3559700389144,2883.1631084831615
8.72046485260771,114.86965006146484,559.40434052136,1579.9899740491385,3151.1395672647245
8.73046485260771,114.77298038906382,557.0134217153652,1586.54256545698,3280.359285610607
8.74046485260771,115.2316262152493,570.1174801769074,1590.4738323564902,3219.778943777961
8.75046485260771,114.90967666163674,587.7503652009,1594.3686085481795,3174.0542896734505
8.76046485260771,115.21454846476247,618.7799611513999,1603.4814688787724,3162.264201298464
8.77046485260771,115.34800038589279,634.8076882700124,1598.776233375487,3106.874185325593
8.78046485260771,115.16051551782724,607.6045736335175,1592.6253227764216,3269.5622022993853
8.790464852607709,115.25928848466235,617.997402147817,1600.919613709629,3354.022593215878
8.80046485260771,115.19553691507332,584.0793895221918,1601.2927009101334,3324.4714862670185
8.81046485260771,115.17620519551141,496.048919471031,1530.7477937916083,2836.7994991664004
8.82046485260771,115.26038605816584,471.8094461333701,1513.5150561164523,2211.8983199657728
8.83046485260771,115.31611911087226,533.9399123132313,1604.891443146418,2524.3963518386854
8.84046485260771,115.43794836763699,554.3689657196329,1644.6332275599211,2448.3246175558766
8.85046485260771,115.29348409728821,576.7611527678565,1636.2596199415211,2639.4561593037265
8.86046485260771,115.27601366870604,572.1038779739844,1615.844209932334,2554.2609140430077
8.870464852607709,115.56934689828356,603.1092883871382,1604.3119105120898,2571.3946187635875
8.880464852607709,115.57798252953953,693.6530805333224,1631.3348132931617,3567.4326634363833
8.89046485260771,114.06248098568356,654.6809487152368,1258.5777211284583,2725.4929551194473
8.90046485260771,113.84547354639062,570.7097470197829,1218.76938796503,1754.7102463103265
8.91046485260771,113.65927515034336,529.8623552680702,1572.194607490194,1954.9212501249972
8.92046485260771,113.62817816078683,547.3367253098553,1588.024084110653,1821.9304186826457
8.93046485260771,113.53893378108441,567.9833174630763,1596.6351056789897,1628.8848936424306
8.94046485260771,113.46851370054327,546.3953156137827,1611.3209736410884,1686.017568207931
8.950464852607709,113.44409512966845,526.3627126600087,1628.367107370809,2005.7860580866072
8.960464852607709,113.44198874399564,532.000083255006,1603.4935557570957,2079.5859645379446
8.97046485260771,113.4057120561453,521.9628955617334,1567.8417933280984,1946.0873273114908
8.98046485260771,113.08914204034491,519.055351713796,1560.284951694684,1866.412810271308
8.99046485260771,113.18417265517013,501.29369024935806,1579.1703065051329,1717.2484746156883
9.00046485260771,113.18280443975986,515.8995033697164,1601.8538026628476,1673.0885556128715
9.01046485260771,113.23107534085972,524.3834420732521,1585.3179515776858,1639.7549718497792
9.02046485260771,113.26777988233948,485.66825769280774,1511.6603559876798,1689.0763986198112
9.03046485260771,113.4469226297141,499.2986350145912,1507.417653425805,1687.1216825245847
9.040464852607709,113.63901960867642,518.2755548334925,1592.517810517876,1669.046468017327
9.05046485260771,113.72832723271142,507.1191162669133,1631.0259991346802,1716.5009786395121
9.06046485260771,113.82500815752216,668.0901800660931,1636.388251988482,2340.0090706703495
9.07046485260771,114.1951657745424,659.9315447353678,1604.6922038639593,2294.413043012209
9.08046485260771,114.20043928035486,485.1154029305585,1582.6414225493468,2235.0392025424003
9.09046485260771,114.19779670126375,555.7607079311605,1628.8781934090173,2912.9138167108467
9.10046485260771,114.5805070480453,550.873076784795,1635.681998079314,2453.925602906425
9.11046485260771,114.70707950995555,487.0029638190286,1626.1822426342114,2667.957159239079
9.120464852607709,114.65405604299782,492.45785201772645,1640.1760397294024,2699.0650201449307
9.130464852607709,114.3979651260483,478.64266758876033,1610.703464048181,1805.2345562164166
9.14046485260771,114.41441545044965,472.74472734626477,1601.5882980659976,1756.827000339787
9.15046485260771,114.61807228688885,478.43482427382276,1617.5366852967545,1825.636879245619
9.16046485260771,114.77338901888416,484.4573261981503,1578.280339332579,1790.3802550551184
9.17046485260771,114.66589970335467,491.05990766037695,1558.6597076715457,1778.8752895332411
9.18046485260771,114.80077254801577,500.05804346020653,1579.3793560558797,1888.4211890902964
9.19046485260771,114.91867288746175,479.1416351486233,1592.0512624423252,1823.439622742059
9.200464852607709,114.89530749191243,439.31969374209393,1586.3830981016315,1685.4154054533
9.210464852607709,114.96905550460025,433.30656708414193,1578.9649359235889,1765.586652702147
9.22046485260771,115.24584660650008,425.28718144638117,1564.9329482277653,1694.398659345114
9.23046485260771,115.63017307470751,404.5531163439358,1567.8125752673968,1708.4510676300338
9.24046485260771,115.63842665225377,391.01260340151225,1573.8952466337983,1758.694757227479
9.25046485260771,116.0368611601768,396.6259213062815,1575.4117100533674,1775.3569328647845
9.26046485260771,116.17613830140999,404.6655327999902,1569.0403385217774,1837.7676758735217
9.27046485260771,116.19575918844366,396.65391246876976,1571.5421864240934,1796.1703334299193
9.28046485260771,116.16465537723981,402.43404786710886,1556.7766206846209,1898.100085109339
9.290464852607709,116.0266784112013,472.0449884687118,1558.3483100095186,2502.4983667371116
9.30046485260771,116.17762400154845,516.2601119433886,1605.2120097503903,2962.470419745605
9.31046485260771,116.04833272548208,474.59049233771873,1585.4547318108348,2451.303205157585
9.32046485260771,115.71491859969679,446.1287974106658,1546.5486181564784,1888.3197162363037
9.33046485260771,115.53135872138823,439.16418473373545,1553.5718558881374,1836.4882617788865
9.34046485260771,115.39738957077623,454.46128516281067,1590.86164531083,1891.821402917279
9.35046485260771,115.39330698233884,460.90783206693567,1582.144150488474,1938.5778747283991
9.36046485260771,115.25659313163492,458.53563482824563,1561.4554561817145,1874.0901174855278
9.370464852607709,115.25573311424336,474.14417308140435,1577.4949606641183,2300.6828394536637
9.380464852607709,115.27316299903728,478.470797214355,1581.3135220580652,2405.5880036293806
9.39046485260771,115.18840525375795,524.3136629956605,1578.9319800945973,2465.8734093321386
9.40046485260771,115.32008298890663,534.118080283116,1577.1184718796287,2384.384780932992
9.41046485260771,115.14918634771696,468.34219553955376,1546.4153433760227,1790.440987526666
9.42046485260771,114.9558248888803,457.8216848770766,1532.4428266087234,1915.9073734325432
9.43046485260771,115.21593171336795,486.77534226800793,1563.5104776876312,2395.925377713786
9.44046485260771,114.81525173114565,536.6413757515505,1565.6716203065705,2841.864563055492
9.450464852607709,114.95214605231516,509.7178061049488,1539.9698436376614,2567.143891376733
9.460464852607709,114.83036030558183,451.79096342875886,1555.8645337974474,2043.935570588389
9.47046485260771,115.02784059275697,445.69818594439937,1571.8095098770448,2239.031048695452
9.48046485260771,115.24432474850819,426.92750391823085,1541.7888948893099,2300.694038594883
9.49046485260771,114.91526900076776,421.48484766169634,1535.6123815025248,2017.8461057760642
9.50046485260771,114.79822632828093,427.22490044372955,1508.8797307933535,2119.093484735112
9.51046485260771,114.97826845660349,430.22137027667424,1482.3656593334467,2165.806194813505
9.52046485260771,115.0643506167659,423.82344134439427,1498.0132920321255,2055.7730246005694
9.53046485260771,114.81678029801007,418.9717965422083,1502.6518749414065,2193.0302260537496
9.540464852607709,114.67905635196801,431.91331368419765,1530.3322370491805,2736.9874211921974
9.55046485260771,114.65042399614863,437.50508314001536,1535.8057643490415,2946.5206168162003
9.56046485260771,114.76077309501272,463.33376575495936,1542.0364260992424,2680.8555337755233
9.57046485260771,114.68490771631458,461.3916762331447,1553.9399629201216,2285.854038644247
9.58046485260771,114.76943268492414,423.05347080867233,1552.4648448805433,1822.0874455445492
9.59046485260771,114.90729436858437,415.54238419015536,1552.825023954065,1766.9171240479507
9.60046485260771,115.91447247851987,416.9755127001068,1512.3255313134975,2135.264314860304
9.61046485260771,115.4163141128206,479.65989678468753,1512.0628742255435,2721.1931525209366
9.620464852607709,115.72441332695992,493.74169244128086,1523.3396179500005,2623.066956058743
9.630464852607709,115.88003538779034,463.87380826242304,1507.194933752182,2203.6018254785836
9.64046485260771,115.68611257797349,487.0342953194217,1510.487778596746,2593.637162193958
9.65046485260771,115.62550998883725,530.6167108118459,1562.9623902216222,2961.2634227491676
9.66046485260771,115.71916763176684,543.0538330414535,1602.0448000753959,2943.5520613510444
9.67046485260771,115.70653706697765,509.40044921225217,1579.2697413034762,2930.223593834026
9.68046485260771,115.88907666940467,496.03814782554196,1549.178257384636,2883.5068052709125
9.69046485260771,115.7800512285133,500.43749029032756,1547.8732519916223,2615.1474125099417
9.700464852607709,115.71007994532167,501.0832871344646,1576.3764594078282,2446.0626479018542
9.710464852607709,115.66219300099952,486.22210652030896,1562.0611033511625,2490.540069877356
9.72046485260771,115.35371396253755,473.0560204072264,1540.3463983107267,2397.337179276008
9.73046485260771,115.72760215006024,475.763284553673,1528.8712522912037,2604.996624140561
9.74046485260771,115.51395398830651,495.7806711923706,1536.604622053215,2745.1622697021794
9.75046485260771,115.36606271345435,489.4480505879645,1507.1160937687691,2595.4886977818046
9.76046485260771,115.50329971205362,592.2620987988147,1542.858206298507,3039.6309217866465
9.77046485260771,115.35906279765506,750.1211586794215,1633.9140210876042,3363.7834391989027
9.78046485260771,115.5181549908338,731.9833126623544,1602.5045605362388,3153.439794191631
9.790464852607709,115.53933899071558,618.2255366057117,1546.6464186673077,3093.171408457942
9.80046485260771,115.5010431035874,608.9985251263031,1566.3178437369131,3125.751021194691
9.81046485260771,115.4337360713743,754.0440815759933,1628.8789028727717,3246.354642378078
9.82046485260771,115.4182246165774,875.3060009657804,1629.8758622018513,3232.8993503503843
9.83046485260771,115.47930905148168,737.6927658403773,1611.1051275832335,3118.117306229769
9.84046485260771,115.61341546939816,710.804321921149,1599.554557456191,3106.3802575459263
9.85046485260771,115.5122241296202,835.2407008884541,1614.9178748960173,3257.770677301039
9.86046485260771,115.37154300607513,637.334424502846,1118.2309770687789,2501.086782303886
9.870464852607709,115.39790245271331,452.6030524526418,1027.0633803323833,2015.0514120723633
9.880464852607709,115.29830670064123,622.1747052194484,1531.510178181565,2914.8935607097624
9.89046485260771,115.41957630951534,759.1626508540382,1611.271463564472,3395.320102375086
9.90046485260771,115.30026585857959,780.7230078285825,1617.1139424458397,3268.3314795884953
9.91046485260771,115.41021574988675,823.2009294581278,1605.3545639386589,3153.473285504194
9.92046485260771,115.26476080431385,798.7165343484663,1599.4233121967686,3233.0581835131884
9.93046485260771,115.41700751454717,784.6020843250101,1607.268371151966,3288.0283295970517
9.94046485260771,115.53965237061709,809.95268530009,1627.8941056795552,3187.611179227346
9.950464852607709,115.2922000862484,672.4943105900902,1569.8249605361511,3202.7787593261955
9.960464852607709,114.91339400356387,685.1748931263902,1564.2649162710597,3197.188598232361
9.97046485260771,115.10733534210311,871.4264620536737,1654.3600771468605,3110.109382719387
9.98046485260771,115.30105433289386,833.3218190672048,1654.3669249417362,3129.6946166531316
9.99046485260771,115.50702292900925,565.7032782074582,1570.821865149816,2518.483455110511
10.00046485260771,115.83782743575001,395.79781519882476,1521.6926909354356,2447.440659459145
10.01046485260771,116.10200145906148,586.440876815493,1545.0516111029672,3075.0073545748364
10.02046485260771,116.01221096307886,744.9984076336153,1568.7302533092404,3094.7001709871747
10.03046485260771,116.25528891297637,633.7360312470203,1476.691182576559,2319.0058330537877
10.040464852607709,116.32361526126084,669.7136808768342,1495.7542215469887,2411.5445262111484
10.05046485260771,116.49695878313229,,,
