time,F0,F1,F2,F3
0.021961451247165194,131.26201986398956,,,
0.03196145124716519,131.6525223380388,501.153350303243,1014.6417322409892,2431.005373100922
0.041961451247165195,132.81829656803515,510.58115757674557,1000.1249056866366,2400.101615877344
0.0519614512471652,133.67001885428905,498.83099717341906,1002.7193536315019,2313.8360340572663
0.06196145124716519,133.44035573248277,499.6578084903737,1042.4118962511793,2349.189843999075
0.0719614512471652,133.00794508946663,509.10473000671954,1054.4483782653438,2497.172841594247
0.0819614512471652,134.05396314523094,507.9543758625377,1051.8953507915526,2561.386600903494
0.09196145124716519,133.40359313191473,501.37774571063585,1038.1506766408797,2548.231254325686
0.1019614512471652,134.1343775031783,503.90813910619994,1028.28009624376,2649.5333926068715
0.1119614512471652,134.60412830468624,517.3236862751667,1044.3658267176327,2737.3265837480853
0.1219614512471652,135.9681276969972,523.589535751154,1059.302588162653,2628.8569745117943
0.13196145124716518,135.87739096824984,516.3466302640969,1056.704435695169,2525.0734348463766
0.1419614512471652,135.91003916945004,514.2710411459055,1051.1702252248497,2533.483384320648
0.1519614512471652,136.7410051309836,523.2561914028291,1061.7586413564609,2530.0558516168867
0.1619614512471652,137.634924648607,529.9070737121237,1077.0755343694486,2493.208688521205
0.1719614512471652,138.655534891797,531.0268151962107,1079.0757200535331,2492.5435593856364
0.1819614512471652,138.325467713994,526.5223354503239,1060.4466506329045,2490.787810904966
0.1919614512471652,137.4647927087912,522.3108668375304,1041.1003307519693,2487.095084870549
0.2019614512471652,136.67408560321266,519.514368663093,1042.1103127524443,2471.107699152236
0.2119614512471652,135.7340143437569,517.4922130432074,1041.766054958653,2451.006044550586
0.2219614512471652,135.31276658840358,519.1427002791581,1046.787369225598,2487.007575204682
0.2319614512471652,133.83821249661509,515.9323962068995,1051.6044408257223,2493.4868035592403
0.2419614512471652,133.1598027301671,514.4028020154518,1049.794596958455,2497.907768464715
0.2519614512471652,134.12263045533712,507.4703150787879,1047.3865067148315,2483.9015701073004
0.2619614512471652,134.94914509984667,502.34982092145015,1042.824055777348,2436.9952547287503
0.2719614512471652,135.064159165651,504.48423842082457,1053.353745021987,2431.7558227085046
0.2819614512471652,134.0400055565509,506.87141377090904,1065.1173190779616,2423.1415130612263
0.2919614512471652,134.08259333314385,509.534602165274,1064.1431095291093,2423.436068409156
0.3019614512471652,133.78295300598015,506.13304563479534,1057.6448787242846,2465.9443324409863
0.3119614512471652,134.4824928420595,513.4221250302818,1062.0688944529666,2486.0263668699627
0.3219614512471652,136.3380899099403,514.7273154880099,1067.15847746245,2455.2328957719633
0.3319614512471652,137.85394641045266,517.5053883355891,1071.8295145819918,2459.682225629396
0.3419614512471652,138.32311776594875,521.2428712701231,1065.221330367938,2513.310806285048
0.3519614512471652,139.5891734147802,521.6098530975814,1061.586641317936,2494.576761465289
0.3619614512471652,139.61120012533064,536.2442652387805,1071.3586345985198,2450.4197100728297
0.3719614512471652,138.99489539836594,535.583805016637,1066.9071432060884,2414.4536407843693
0.3819614512471652,140.82974186783142,531.05524865324,1062.3271563691565,2393.8017620384144
0.3919614512471652,140.78921257138026,533.1505337777884,1067.6557945706768,2426.108371454105
0.4019614512471652,140.41873898340876,533.4041061590927,1071.9771173793501,2488.4395471278035
0.4119614512471652,139.6613335138695,529.9030652161247,1064.76515794116,2438.590908819753
0.4219614512471652,139.19216976196634,519.7385674266935,1062.5776096660138,2400.4635364813157
0.43196145124716523,138.2455241274204,530.5092301100549,1074.1047312447372,2487.661505451033
0.4419614512471652,137.5199187850221,542.995771334224,1087.9108768975734,2493.3974096513093
0.4519614512471652,137.01905590269544,541.9551116036201,1101.8026946479565,2469.651079998291
0.4619614512471652,134.53289741706288,529.1609433395779,1104.7023949366144,2480.9133239469365
0.4719614512471652,133.90815963232018,521.6500964870595,1100.6134618995836,2476.7147850741158
0.4819614512471652,133.90219397538397,525.6800039318174,1082.00839718929,2469.19685480103
0.4919614512471652,131.19808895989746,513.1894927630718,1055.5195213166653,2486.285793119284
0.5019614512471652,129.7966333853886,515.193786499901,1048.4096546227263,2441.7509850199135
0.5119614512471652,129.65636596970802,523.2598719763871,1043.5364044176079,2385.0471741756655
0.5219614512471652,129.3661886612099,538.1253292722163,1044.352149046393,2417.6795509137896
0.5319614512471652,129.7870929529401,544.2375248442676,1044.2062111122264,2442.681644466185
0.5419614512471652,130.65243659558462,524.773687157256,1044.6356747835844,2436.281207214687
0.5519614512471652,130.82979973098816,512.9727345421993,1045.9326340509563,2406.049348773307
0.5619614512471652,132.35739323975204,505.43093030117006,1044.3380936109538,2330.3228352861975
0.5719614512471652,134.58156847158446,509.7711753961622,1061.4218352763091,2333.2376684159362
0.5819614512471653,135.7517608179937,516.6256940624745,1077.5304169908002,2403.9357132676614
0.5919614512471653,135.81806928424686,514.6540941730526,1077.8801478093367,2463.370982052946
0.6019614512471652,137.80168400861137,515.5483195909004,1072.947927976374,2511.010741544888
0.6119614512471652,138.738320101202,532.4305059334092,1077.142806776523,2546.5870188329513
0.6219614512471652,138.50787200384494,544.7161851741905,1078.5188535459565,2486.132108080937
0.6319614512471652,139.88267805727975,538.5654018280221,1077.0850673369164,2410.5657237584232
0.6419614512471652,,534.7738188932485,1064.3989254393055,2361.1553578855746
0.6519614512471652,,528.4704015761475,1050.0725225866072,2375.750778476075
0.6619614512471652,,521.971169951231,1057.8288071484428,2489.8453820149416
0.6719614512471652,,529.0867908214507,1076.8216320923186,2498.926105884533
0.6819614512471652,,523.6292863134094,1087.3420663508552,2459.8185162468967
0.6919614512471652,,522.4954597025483,1078.306812880921,2451.6430369282193
0.7019614512471652,,538.6444473758654,1081.208602856353,2468.6534418703723
0.7119614512471653,128.24258017669558,535.3962876014992,1079.9187415582333,2452.446815965175
0.7219614512471653,130.60409677263615,528.5250742604212,1061.6995381473548,2427.2904400586176
0.7319614512471652,129.77869362110786,522.73211473946,1049.2773518847869,2460.0538808027413
0.7419614512471652,130.7493695096761,498.9620846954865,1027.8217900769862,2473.4908803656595
0.7519614512471652,131.05270901146082,477.0962821342272,1019.6399384130657,2473.138789930003
0.7619614512471652,131.267947722017,487.82696601650025,1039.2266759315414,2483.879515492047
0.7719614512471652,131.53424685093916,497.414742138806,1050.67620468099,2502.6140132974347
0.7819614512471652,133.27872128847042,495.4062053861021,1067.1415894046554,2500.81815203853
0.7919614512471652,133.74559267782976,499.2113427327991,1073.6888305777975,2527.8371792589833
0.8019614512471652,135.11587463963548,506.746300846544,1056.9357730248967,2513.4232467989
0.8119614512471652,140.61511881968798,518.0665902903789,1063.4716137216035,2467.6261599144145
0.8219614512471652,142.41558143131996,532.0856373272444,1084.0549212021244,2486.6340180708416
0.8319614512471653,142.8623798948466,525.8677799241154,1068.579271874145,2521.821524938782
0.8419614512471653,141.20810288559122,507.13104110942874,1049.6269137841061,2534.209033190357
0.8519614512471652,141.05368462994855,502.2888944114901,1055.564482537004,2509.618442980884
0.8619614512471652,141.10634814951652,507.1448417074098,1054.0260937033697,2464.3625000702536
0.8719614512471652,138.67785774015655,528.5701809099241,1054.3736957042129,2501.2596091314185
0.8819614512471652,138.90394490775034,533.6427181405113,1051.2434548824274,2542.6863783175345
0.8919614512471652,139.74553021557247,553.6643040891462,1069.672753411227,2517.441385718753
0.9019614512471652,135.09903042003506,543.135998847993,1071.4081107793963,2522.925678590875
0.9119614512471652,135.13608425193797,507.25620692555185,1047.3012455133899,2494.796800486084
0.9219614512471652,133.29675428060597,529.3308351602994,1049.9024866045245,2507.2235422815743
0.9319614512471652,131.50571975447463,529.0681700851823,1050.0904786308736,2569.034679837122
0.9419614512471652,132.07072421244135,506.35734474325807,1061.0954879568378,2590.372353635417
0.9519614512471652,129.89270612815335,508.41083144643846,1066.0717082875494,2516.3770542380103
0.9619614512471653,125.24180313815457,483.5618548304958,1062.6964810411548,2463.2076333216387
0.9719614512471653,129.5045844766261,470.6196264145786,1062.0785233345866,2451.919515677858
0.9819614512471652,129.73430827716933,483.2819731237697,1063.3425554423254,2402.180576871583
0.9919614512471652,131.77674715276473,490.2036962960497,1056.5262598060299,2421.7425092770454
1.0019614512471653,132.06319778721144,513.6472135666477,1049.3775818658282,2438.225570483396
1.0119614512471653,133.48019509748002,523.6694399498382,1059.2664665675916,2468.519857406985
1.0219614512471653,134.9037368966778,527.4027728170747,1062.8139319431227,2567.734651085139
1.0319614512471653,135.29482601146333,534.679650371882,1068.2772173057515,2552.4343012277777
1.041961451247165,136.47768788068183,537.9820475972157,1078.6142764760507,2530.9742573050116
1.0519614512471651,136.47879438615405,529.1523640832058,1073.7670997104597,2523.995959841861
1.0619614512471651,136.0103027770893,520.4737021995809,1063.89881215064,2478.729651457696
1.0719614512471651,135.99695132993276,526.0236769112626,1068.8028018633747,2470.117638231777
1.0819614512471651,136.49256459549525,538.3169259200753,1081.16122338935,2492.7145288454954
1.0919614512471651,137.1452903000701,536.6774564901854,1087.809684259483,2453.172391447733
1.1019614512471652,137.634042821114,535.828500641182,1091.452850963518,2443.9781772838255
1.1119614512471652,136.2398311635389,531.293267910742,1081.0623783395597,2444.6209618687394
1.1219614512471652,135.82518875763958,514.9434097326338,1064.8121764225073,2403.8556336997112
1.1319614512471652,136.61634066583517,527.8182833854489,1080.6576740955263,2485.8489686624
1.1419614512471652,130.12609167084597,521.940954885913,1085.6480151599335,2564.7102224311698
1.1519614512471652,135.04205940635734,508.5836951712286,1070.5715099125298,2607.9465890627703
1.1619614512471652,136.3681716983085,522.3657484912475,1077.8362724274446,2628.4083640781137
1.1719614512471652,131.25252776171982,521.5180283702338,1086.93426393106,2596.81770045324
1.1819614512471652,132.3236323108482,512.1383271896899,1093.3819001376928,2542.8227925347946
1.1919614512471652,131.352852404594,518.3268947540821,1091.5313154467703,2508.1451162838616
1.2019614512471652,129.53061391628958,523.2777212977637,1086.1394559771365,2508.072896086545
1.2119614512471653,131.38102690169598,515.0969448052457,1093.27199276348,2531.8249580945912
1.2219614512471653,128.3979505932018,506.1683522356365,1068.6856235795753,2541.371584749652
1.2319614512471653,129.50726011868622,499.08915487785714,1045.0888385135513,2524.7859372834914
1.2419614512471653,131.1392304138121,495.9243044061657,1047.5962368726784,2507.5550946319627
1.2519614512471653,132.3163334479344,497.2744989090794,1053.3493738700306,2442.62021757439
1.2619614512471653,134.52992284700184,504.4753721554057,1065.6680260349958,2438.4870608973742
1.2719614512471653,135.47979493720044,508.803032589481,1077.1111341326146,2478.6443849618395
1.2819614512471653,136.8048495746011,515.1757288587942,1088.0259505983279,2522.59549681839
1.2919614512471653,138.45144476134712,519.0722464476868,1093.1245258485606,2526.4591741808263
1.3019614512471651,140.31495224837215,532.4860093705308,1099.0079609707868,2541.428662845066
1.3119614512471651,141.18213353675003,550.0625956946204,1106.2278792947418,2545.8405785483246
1.3219614512471651,142.73739878573457,562.0049120667759,1110.137142122888,2505.03459415827
1.3319614512471651,143.9142548172944,566.9993069386704,1077.8671252219274,2541.8127054809847
1.3419614512471651,144.17627034965827,567.9052145761563,1043.9266216862732,2539.8276817964856
1.3519614512471652,143.9717008946363,569.1519440914766,1053.2691806863945,2525.164169823881
1.3619614512471652,142.6443750562364,563.5812159844597,1079.737384684574,2539.800771817824
1.3719614512471652,141.3003074164667,559.252361649885,1108.0642321549453,2538.7960226418036
1.3819614512471652,139.1423010499269,534.6996538258294,1107.5585490712192,2571.6147232234985
1.3919614512471652,138.34759769710496,531.7448214885816,1097.0728373751078,2615.6566008809764
1.4019614512471652,136.61400256914686,526.9765164973234,1083.5112626462376,2505.592823496338
1.4119614512471652,134.65914149159542,510.66810881603175,1069.7050033232551,2439.354143943103
1.4219614512471652,132.98627483569857,515.139950890311,1066.7062980101682,2518.0560908571115
1.4319614512471652,133.04967252258567,507.6281290397453,1055.312499016059,2545.152666568722
1.4419614512471652,132.46944544263863,505.4106014800191,1048.135627934671,2544.711336789262
1.4519614512471652,131.7645005993065,507.23434616062514,1047.1789797934732,2559.8154952523496
1.4619614512471653,132.19508896392148,500.615729030019,1049.978234736231,2465.875819649436
1.4719614512471653,131.87535164320693,501.9575552594769,1054.8418924963144,2427.147934337068
1.4819614512471653,133.19772339611694,511.15937824974736,1060.7403784249116,2476.6906638510113
1.4919614512471653,132.960348165248,514.5860683309044,1059.394830867954,2466.168748853631
1.5019614512471653,132.21251608397634,510.5239921814252,1056.2907401080138,2498.1344443255553
1.5119614512471653,134.1736003320582,507.4653361895289,1062.0728880950903,2547.8221725513504
1.5219614512471653,134.69089183562753,504.21975367519155,1062.104262858395,2554.577899433461
1.5319614512471653,135.11946174425836,506.75784030893277,1066.9749701053868,2535.022147794763
1.5419614512471653,134.953571568258,516.7726177203178,1068.3913109714135,2523.2797693925113
1.5519614512471653,135.2024756615201,513.1396107373857,1066.2269988457738,2520.412558608429
1.5619614512471651,134.9944260223865,514.8402915971997,1073.7762546013967,2525.4621254956587
1.5719614512471651,133.93836105069337,516.6206178929367,1069.4504551516184,2510.4009894409164
1.5819614512471651,132.98883684457243,501.09348011770135,1057.6768421141524,2499.3125407125094
1.5919614512471651,132.42620468518186,513.6139711045142,1077.120210765123,2484.829802450488
1.6019614512471652,132.39284607222956,536.0012325464262,1091.1525247210323,2459.4058343002166
1.6119614512471652,,534.9534134959233,1097.981876272956,2495.618556180129
1.6219614512471652,,527.7284523099842,1096.961948707142,2510.731115733861
1.6319614512471652,,509.90861741570285,1077.3318492464768,2490.782062175694
1.6419614512471652,,498.1735567530525,1079.0219637631333,2512.2835101436967
1.6519614512471652,,497.3578763642084,1071.965788539392,2546.0689873625506
1.6619614512471652,130.31858594510882,497.31712894297084,1055.9365354362988,2505.869514342065
1.6719614512471652,131.0027634306464,480.8768761510346,1047.9605355204494,2466.413296565878
1.6819614512471652,132.0106897348647,471.95627289549657,1052.8616653735978,2485.0715793214968
1.6919614512471652,131.8648441825164,481.7115210059711,1062.561399850784,2493.436065561562
1.7019614512471652,,492.73806242418516,1068.8194752327158,2482.7650358645647
1.7119614512471653,,513.3886482627837,1080.9878165964942,2423.3142063285495
1.7219614512471653,,501.00645725431787,1088.2151015476538,2427.9184649475324
1.7319614512471653,,491.23434971822877,1086.3387454688257,2465.270005404793
1.7419614512471653,132.5307198878226,508.5261236932869,1074.590650478835,2451.923404044662
1.7519614512471653,134.2249001914036,504.3998137731737,1056.392664724991,2465.6439221584756
1.7619614512471653,135.23492403206708,486.94929039108735,1057.7028000220628,2437.7170193275165
1.7719614512471653,135.96157515210814,486.0809381307361,1059.9065475683205,2442.9859500044086
1.7819614512471653,136.45446363992983,497.6602092463556,1047.7729146782688,2479.417591012573
1.7919614512471653,134.91832214437775,493.6308033782388,1048.475645249995,2487.0592359176976
1.8019614512471653,,505.8754919220027,1060.426365704415,2490.2155427737093
1.8119614512471651,,509.20951800774367,1053.6807412500793,2449.402039137844
1.8219614512471651,,492.07999114495027,1047.7787632430154,2463.084590925894
1.8319614512471651,,502.52923070643715,1060.7790651785494,2477.117768656027
1.8419614512471651,,503.26521381752224,1056.365504510345,2477.1144585900875
1.8519614512471652,,488.7507834696286,1054.492212294047,2494.454223242794
1.8619614512471652,,485.32731412117977,1050.4780957001997,2482.0211060336
1.8719614512471652,133.4496725182355,487.23613432322446,1045.8347064168042,2506.2610993537232
1.8819614512471652,136.74456920640472,488.541447519857,1046.7656515636402,2536.1456651524823
1.8919614512471652,136.46018608760718,493.7331255876255,1040.5590643063115,2511.714031245456
1.9019614512471652,135.47736639434314,505.29660509564604,1052.5996106246207,2467.404054192078
1.9119614512471652,,509.88517450530446,1062.0092354239255,2458.0466360938167
1.9219614512471652,,516.7874877525138,1073.2960705367752,2471.2990870170306
1.9319614512471652,,516.9304169788918,1075.3945318606495,2497.005144948322
1.9419614512471652,,498.53669410134273,1073.1283680260537,2519.910200641342
1.9519614512471652,,495.79598089625534,1074.9877483594562,2508.632155532859
1.9619614512471653,,495.8945642458387,1051.090023338414,2509.1955151909083
1.9719614512471653,,487.7678202059534,1053.1975084195674,2533.90520765482
1.9819614512471653,,498.04477759265774,1078.245397211943,2516.8289037104223
1.9919614512471653,,505.62549763388245,1071.6245229725905,2438.7343419118365
2.001961451247165,,495.94836803029585,1059.6468741872638,2448.192604040001
2.0119614512471653,,500.4062622829446,1065.0160403043494,2513.0321984511606
2.021961451247165,,506.16581578591143,1061.4808488682977,2501.983375320838
2.0319614512471653,,495.6309944390281,1044.6702821904603,2488.004879516026
2.041961451247165,,493.97492741355234,1041.1998624981172,2453.923398182027
2.0519614512471653,,506.19081308903276,1052.347331100167,2440.597996142904
2.061961451247165,,489.50782355276016,1041.9944176976405,2484.6393729551783
2.0719614512471654,,472.5137247574903,1039.3916325280356,2488.9673644844784
2.081961451247165,,475.3460226058354,1050.634630767364,2399.744042248129
2.0919614512471654,,478.0612011657387,1061.9355396267708,2458.344334483516
2.101961451247165,,482.7902776523714,1069.388110671424,2559.7893115210977
2.1119614512471654,,484.8453363305733,1070.6288951459492,2544.563970939917
2.121961451247165,,476.2637074656092,1066.1134994637262,2533.923172818632
2.1319614512471654,,473.06735023753185,1063.2629197728183,2470.2376477794164
2.141961451247165,,485.156282294222,1072.4877959946484,2494.7746142747847
2.1519614512471654,,482.27164407542796,1068.758329233092,2515.92781404713
2.161961451247165,,480.94591670782916,1060.900739714864,2496.6873085893894
2.1719614512471654,,488.2570872618417,1050.5960557721144,2510.870775610498
2.1819614512471652,,488.4693018313376,1047.1528891227597,2499.434454385288
2.1919614512471655,,482.26244866769537,1050.8304089789708,2494.3552451668797
2.2019614512471652,,477.3010060880193,1056.9676328619196,2464.302187780887
2.211961451247165,,476.2193048803941,1048.8638658822251,2509.9243448521956
2.2219614512471653,,480.4451878233873,1060.8532811896655,2478.746922267651
2.231961451247165,,487.61832881840104,1059.475926698845,2407.3386414590586
2.2419614512471653,,481.3127149955053,1028.2030999285732,2472.8777144943406
2.251961451247165,,475.797516635234,1042.7249348915152,2498.6441261300447
2.2619614512471653,,487.1541535737401,1046.2572442013795,2425.285180180808
2.271961451247165,,499.33540864897066,1055.3235696156805,2386.190153927764
2.2819614512471653,,493.97025534907226,1070.8783914723374,2395.8086591963747
2.291961451247165,,488.69286470809203,1050.2354843737887,2371.03976219377
2.3019614512471653,,497.1468062469203,1053.9195619386337,2404.1213671685978
2.311961451247165,,491.57797988353656,1065.2794075252127,2410.841615765404
2.3219614512471654,,477.97611154082585,1052.1919395493417,2344.2634018806516
2.331961451247165,,461.31428335575055,1049.8770542114223,2361.171462267911
2.3419614512471654,,456.0231462596499,1052.5018439801381,2442.040795250498
2.351961451247165,,479.08623320529705,1069.6412167140275,2577.645434024626
2.3619614512471654,,478.81606514777724,1083.7337901374124,2558.1423805606523
2.371961451247165,,463.0224737396982,1063.7371324636745,2436.8210694048353
2.3819614512471654,,470.4492766820532,1061.1280371022735,2487.3532859454454
2.391961451247165,,460.8023065642118,1068.1566228959296,2521.4715996190366
2.4019614512471654,,456.0176460996875,1062.8721480195677,2522.0862181988255
2.411961451247165,,469.817721667389,1054.5301162461024,2538.5432649574464
2.4219614512471654,,479.8011933445836,1060.3427297635758,2510.2740007720363
2.4319614512471652,,482.0588398771143,1064.6033626071674,2415.62358203623
2.4419614512471655,,483.97904230424643,1060.5627316077805,2449.7192254612837
2.4519614512471652,,500.46992558727175,1060.6191173911366,2527.9366694257133
2.461961451247165,,504.57847958161545,1054.0555153128341,2532.604005067165
2.4719614512471653,,501.49453261214126,1057.292244738271,2532.6370900307056
2.481961451247165,,502.889832822401,1067.7647481906156,2507.950263446092
2.4919614512471653,,502.38192989896544,1090.4415896504013,2540.774357491522
2.501961451247165,137.78391068978644,502.4989012304424,1104.6551199114247,2548.249353485741
2.5119614512471653,136.50399320163123,504.11244553641393,1066.9937712019887,2490.778653492113
2.521961451247165,133.37639898561198,494.9909800782344,1047.8376432923042,2455.3681156224193
2.5319614512471653,135.4591073491974,477.97345566657054,1071.0931561072791,2487.061029618465
2.541961451247165,132.84721782401303,473.77401128267553,1074.8131849886477,2514.031376904799
2.5519614512471653,132.9012755728925,470.2622726997327,1071.9459391049836,2514.3633799329314
2.561961451247165,134.31798602536898,468.50105120570294,1079.331736164784,2535.2158548920474
2.5719614512471654,,473.17486345891604,1060.9974288706862,2536.3399479093605
2.581961451247165,,475.85758186293543,1054.8882727717455,2583.227077624685
2.5919614512471654,,478.26756043463536,1069.838757605744,2573.075845045459
2.601961451247165,,492.7915797938029,1054.9139541704797,2493.278250091895
2.6119614512471654,,487.3587097167938,1056.1542959384583,2433.8003621923567
2.621961451247165,,479.28014601165387,1067.3087017990786,2426.9755758574506
2.6319614512471654,,494.9206552298899,1070.8288226769698,2491.427030457809
2.641961451247165,,499.2463675291802,1067.5028687714914,2434.829435314664
2.6519614512471654,,496.74242111040076,1062.8021528325485,2411.254235860141
2.661961451247165,,490.06610345501457,1069.0027969422006,2506.6114205399404
2.6719614512471654,,495.5480892291431,1067.473810493215,2497.555541105156
2.6819614512471652,,500.58253895843615,1070.1536959525567,2368.5071443488832
2.6919614512471655,,493.4774225421658,1071.8460444977002,2342.6189832448767
2.7019614512471652,,499.5655186452858,1061.3858159502113,2440.8032255560925
2.711961451247165,,509.1419270240647,1062.779379604704,2438.632883944104
2.7219614512471653,,505.7291677921675,1070.2316808924736,2459.6064821734476
2.731961451247165,,511.44745160516663,1070.3371033093051,2482.3570093598896
2.7419614512471653,,518.1909960590517,1070.1173648738877,2470.291083954694
2.751961451247165,,505.5585284199122,1061.4530258727752,2490.4475093877395
2.7619614512471653,,499.54184511277026,1045.8747555009834,2481.2491517681597
2.771961451247165,135.18674715489715,508.6857866294137,1048.1135630641036,2497.4218814583674
2.7819614512471653,136.21614173502783,505.11863510122816,1069.4288556012093,2557.03922933254
2.791961451247165,136.12023853428417,495.34641721844145,1081.1718806713127,2563.1044431736027
2.8019614512471653,136.77145716308914,500.3754713415451,1081.4213344720408,2547.9470125686044
2.811961451247165,136.49049509796163,509.7170710057101,1082.0842501068337,2529.5699489665353
2.8219614512471654,134.2481648924292,507.21672998911407,1073.6928648061617,2463.487655045791
2.831961451247165,132.52624076184213,488.6539405048271,1070.269038885958,2516.260141083569
2.8419614512471654,131.42789149619819,483.2093021031746,1077.0935826573532,2562.187386510686
2.851961451247165,131.06737296929617,490.08235141354055,1077.921090713512,2537.1505523356473
2.8619614512471654,132.79863087385607,493.41961785695423,1075.073929085762,2506.3878873239787
2.871961451247165,134.06777902574729,501.8259190955246,1086.4746034872192,2541.009831364679
2.8819614512471654,133.79642476761077,503.3082138146171,1084.1385061554538,2540.906595150478
2.891961451247165,133.11756602535277,506.20681144612416,1076.7431948720175,2468.34671257011
2.9019614512471654,132.34583416702355,505.30725043202773,1069.5691005801098,2467.965818518571
2.911961451247165,133.90973301423776,499.30080891653154,1065.1912835611636,2448.6349437986123
2.9219614512471654,136.7165577121285,501.5966477273422,1082.0641623846088,2473.5504466305483
2.9319614512471652,137.2151120216479,508.7011169252493,1111.4318961287142,2518.7377533119443
2.9419614512471655,137.5402027283216,513.1803185482171,1082.714313934425,2544.595869424376
2.9519614512471652,138.66893507763842,524.1781423743812,1053.8607065056572,2499.591874151096
2.9619614512471655,137.3039328723332,533.0081161643957,1086.562162957653,2467.4152728650624
2.9719614512471653,135.9563366649192,523.9974796396311,1090.4325535748842,2535.211694619726
2.981961451247165,135.44164836296076,516.9397891865567,1083.0502794685385,2540.30886702811
2.9919614512471653,135.86748238860218,515.2172123854009,1084.901640071777,2503.74047673397
3.001961451247165,133.36349816556958,516.6137682185954,1075.8679521028935,2511.794719940888
3.0119614512471653,132.65922829075038,512.8072198171883,1068.3967120959717,2518.3710126042743
3.021961451247165,133.34137730472878,497.8958724429752,1068.3435773971191,2557.917426719279
3.0319614512471653,132.2011044579146,493.31890988929797,1073.626310887764,2608.806531227624
3.041961451247165,132.53382830550603,508.5117101047023,1062.051309356815,2533.757297901165
3.0519614512471653,130.76218952683973,514.7614453591101,1039.6702702050804,2524.722155382319
3.061961451247165,129.70225148480623,508.5013843305709,1041.4058431446754,2553.9402999746558
3.0719614512471654,129.77946679681216,501.41380616711297,1044.6226261753477,2491.237143040027
3.081961451247165,131.5646273529108,493.3944555876562,1044.4969396344432,2528.188488125544
3.0919614512471654,126.43145327253835,495.08309691674935,1019.1533772284179,2606.8857240090306
3.101961451247165,132.40978400031923,503.9719579535378,1023.9767150431366,2590.14165272867
3.1119614512471654,133.88267322700824,518.7265133559439,1064.3496078211665,2493.314118176766
3.121961451247165,,510.04039675723936,1056.4804093673572,2415.640338897402
3.1319614512471654,,505.0046756534375,1056.7761511472434,2375.872955199242
3.141961451247165,131.54969595551515,521.3798139077267,1074.5422321292683,2422.6542706448417
3.1519614512471654,133.78085517861825,517.9591284956587,1065.594625365431,2538.8695434837787
3.161961451247165,137.30792339665177,505.10356077000546,1070.3922982034514,2525.316716043256
3.1719614512471654,137.18482339204684,502.1948653001442,1087.4055602369085,2525.283933725038
3.1819614512471652,138.13326265777283,520.6663829559615,1105.558091591886,2562.53745726484
3.1919614512471655,141.34254691327953,535.9589288056809,1115.9246352744058,2531.3848694291823
3.2019614512471652,139.05651169279676,527.9352885538015,1091.4460814769145,2486.594187165596
3.2119614512471655,142.49432139343438,504.91756411851395,1077.2604325984478,2502.6317336857264
3.2219614512471653,145.71934388767892,476.0170658317174,1067.2507774614462,2444.956152572505
3.231961451247165,150.1568484276177,471.12622818938706,1052.0655961819396,2421.464051861282
3.2419614512471653,146.83064599276824,495.099017528994,1070.9188614807779,2622.686890642001
3.251961451247165,141.95470490173352,505.9122944872734,1074.4456877800249,2658.659181160054
3.2619614512471653,140.43419431140182,501.2959768791898,1061.1999683583433,2465.727253672055
3.271961451247165,135.72695403723415,506.90269277208876,1063.3103174209148,2433.7365763744206
3.2819614512471653,136.5879644549838,516.8328791774884,1073.8765302724926,2487.7356384750233
3.291961451247165,132.33960400144,514.0651878791746,1066.4369279212026,2529.9064856953573
3.3019614512471653,134.0128408214613,499.95062642859216,1059.904846429125,2549.548641717312
3.311961451247165,133.26252630186968,497.11981811101333,1063.6160583264468,2557.368153638613
3.3219614512471654,131.6492608664894,513.026041118562,1071.7524475998155,2583.569044397401
3.331961451247165,136.2267250420776,515.4237337877846,1085.529448904888,2504.579721923197
3.3419614512471654,133.71718744893988,495.5192144395998,1092.6500096312866,2446.2900827526882
3.351961451247165,136.61017506125438,498.43545715904037,1087.783267184339,2429.0039592040157
3.3619614512471654,134.5072231853226,501.3162278159596,1081.0413953365357,2392.9145957939663
3.371961451247165,134.83178797179593,508.0170768057826,1103.6660294918534,2448.4046161743695
3.3819614512471654,135.46606632142945,513.425916891116,1103.0704828284802,2573.266133554512
3.391961451247165,135.2226399363093,499.7471606188477,1074.1885349975444,2590.0513107747206
3.4019614512471654,,493.4462855690023,1081.1285041736567,2570.338181578032
3.411961451247165,137.23049699738522,491.3293083420329,1080.7932865107268,2551.0406450444816
3.4219614512471654,134.37259201820623,503.006072491293,1061.3684693165494,2502.436296266287
3.4319614512471652,135.89059900991242,514.3422767888695,1077.0441738886545,2487.8402328503403
3.4419614512471655,136.82618809722317,522.7705268555516,1089.2365385041883,2481.715173820908
3.4519614512471652,137.44928662761478,521.5038829738219,1066.11767237799,2475.5173456848747
3.4619614512471655,132.58051117551423,516.3340913591659,1070.5342965754137,2493.557379155632
3.4719614512471653,137.44895961961538,514.9751995497095,1087.0678132004866,2524.01256850398
3.481961451247165,134.35564154806784,508.10464869375693,1078.5508168542756,2541.105236601203
3.4919614512471653,135.8473980795391,502.5164161260703,1063.6465871269145,2499.627124048758
3.501961451247165,130.74926230058804,505.14764513111567,1082.8188504578125,2472.0319957918887
3.5119614512471653,137.181182992951,502.7486626510651,1088.3851239399294,2513.112712720998
3.521961451247165,136.1371649365334,501.57156033720184,1073.2948098015488,2479.4832422803497
3.5319614512471653,136.6609722329249,498.35603669804675,1059.9120056422266,2475.02145251845
3.541961451247165,130.34366547293578,498.42512322824405,1047.6368092293824,2521.088751744453
3.5519614512471653,129.7733684209004,514.2969084855479,1065.9324041248403,2477.8076909068855
3.561961451247165,129.30178884181302,509.47601755815185,1078.7874294779306,2476.6429927272884
3.5719614512471654,135.1206368899578,495.6689871170108,1084.1262414561531,2524.0741709396953
3.581961451247165,132.72271353348802,501.9991688222926,1067.1703915076505,2517.40032648297
3.5919614512471654,131.88533746625728,495.34327835853605,1049.7337624620088,2463.7364189675377
3.601961451247165,136.17043362463076,486.5238817005611,1070.079327306711,2454.3797062170584
3.6119614512471654,134.73992770848102,514.1235140641194,1084.7859569063298,2473.280245182885
3.621961451247165,135.93062652325452,527.3645224445826,1082.2034796413473,2465.2491504442187
3.6319614512471654,132.41945674284725,518.8628737624408,1098.8817731131385,2480.7940352185665
3.641961451247165,135.76826106136383,513.2816852981435,1101.8833555206165,2511.1910809349138
3.6519614512471654,139.2001980595335,491.4768044987887,1091.6531496717223,2532.434430095585
3.661961451247165,,464.229962645562,1074.1768936063916,2519.291165276001
3.6719614512471654,,476.5852787073186,1060.3988494620135,2516.2521510861925
3.6819614512471652,,488.4749746360569,1082.8766619303108,2511.64148442051
3.6919614512471655,,480.8294579626139,1091.7616351122776,2479.594687675835
3.7019614512471652,127.99145114653864,497.0414312718362,1085.6725851696021,2499.4363945979244
3.7119614512471655,138.42377442275037,496.8413704212872,1073.7453037677176,2506.0325205197964
3.7219614512471653,147.46378260401633,462.5764085510686,1065.6308595324394,2442.684678633574
3.731961451247165,138.0822066737624,445.7381692471288,1083.4533876391965,2437.7169545785328
3.7419614512471653,138.13885816746054,453.00741464484213,1087.3032405070385,2548.764323726794
3.751961451247165,137.63311325134933,450.8727146810385,1076.7170801945801,2603.5575146007636
3.7619614512471653,136.98235218507668,444.67772649742557,1045.2575771496884,2531.545071554146
3.771961451247165,136.39027572250842,439.30845529428075,1038.3176495649743,2513.694861064832
3.7819614512471653,136.88483336602724,420.31358833552173,1076.2298980812739,2532.0596095152055
3.791961451247165,136.41897273700414,394.6064305472184,1080.1248966263277,2539.7517373027
3.8019614512471653,135.48089321733298,372.10583901790943,1082.9422863780076,2518.3639409711936
3.811961451247165,137.71447190044364,374.0476819282826,1089.357384577322,2487.2177555639437
3.8219614512471654,134.48500338357644,387.2676252998918,1074.169525070606,2541.812071817964
3.831961451247165,134.5845505857286,359.3705074949832,1074.161262371492,2601.0615326619777
3.8419614512471654,137.0284619577175,338.1815924127103,1052.9280252894473,2529.025745198031
3.851961451247165,136.60680181074903,368.7183787495989,1025.1114754305827,2515.9623995872525
3.8619614512471654,131.55103986119798,368.7146518042429,1042.5958581945047,2560.5065042327187
3.871961451247165,132.95818121287542,329.709240539466,1072.4050141834198,2580.311499097302
3.8819614512471654,136.9634107393064,648.1940208289811,1354.8015757562403,2553.380184571864
3.891961451247165,,777.0734557524428,1347.774422650728,2424.9460582652023
3.9019614512471654,,793.6607171643914,1422.9969395950734,2474.4035228615685
3.911961451247165,,893.1159674982607,1420.4207813397743,2584.21460740295
3.9219614512471654,,912.5513940970967,1529.4692044350277,2615.754658031006
3.9319614512471652,,1068.174811086036,2261.1988356114243,3370.0854193436726
3.9419614512471655,,1022.766388884847,2199.5070538751916,3365.90467661445
3.9519614512471652,,948.4913672977851,1426.502056210262,2607.624080727945
3.9619614512471655,,738.5477644558962,1023.8225177924239,2582.878756164815
3.9719614512471653,,541.274321555877,1067.727321523081,2589.5054648933556
3.9819614512471655,,778.017630375011,1383.9265856894078,2733.7295591028364
3.9919614512471653,,1004.8865547922626,1708.7831092165727,2844.8221574859176
4.0019614512471655,,973.0331521465707,1524.2807770739025,2734.712621003384
4.011961451247165,,887.9159361739838,1259.6700450082656,2695.0597219229217
4.021961451247165,,746.3239433957051,1139.6708569979235,2819.707337377796
4.031961451247165,,432.68520188003924,1094.3916699786134,2687.1296691051434
4.0419614512471655,,634.168842861793,1560.224022953194,2523.5472093578355
4.051961451247165,,651.4303096119396,1535.6289362820696,2596.9599643656043
4.061961451247165,,640.4955985237975,1316.6846656830694,2651.2708245349895
4.071961451247165,,1061.434338858575,1737.368411943214,2799.1185032720655
4.081961451247166,,727.7138435484005,1475.6489527438775,2752.8128994485137
4.091961451247165,,489.8334762025512,1082.513875131831,2619.284046280724
4.101961451247165,,675.1670997985002,1233.7334789639579,2633.472206700895
4.111961451247165,,641.3626705614694,1193.4685281479763,2604.6621014340544
4.121961451247166,,745.0948223658746,1336.1921919675751,2730.355177240805
4.131961451247165,,995.2600292002206,1378.8026307271246,2726.6099233341492
4.141961451247165,,910.8997230461543,1257.7101133360115,2657.535657617963
4.151961451247165,,887.3484533302325,1813.693169050434,2672.3885046234054
4.161961451247166,,713.2244853145014,1640.8404764156442,2591.1887563930973
4.171961451247165,,476.49498758431827,1068.845679505877,2617.4592980503635
4.181961451247165,,495.0575351851715,1079.317312436719,2710.5571095963846
4.191961451247165,,501.62458435848697,1115.822100313634,2668.8181399951563
4.201961451247166,,510.74511014279483,1128.7073851362723,2539.3000277487345
4.2119614512471655,,512.8702399361919,1098.4827599793687,2485.974339003749
4.221961451247165,,522.8038578892208,1071.9088731867748,2482.908472391772
4.231961451247165,,513.7718316375605,1096.7837101627943,2492.8433461677305
4.241961451247166,,502.2974011986051,1107.5991332334174,2523.942287979732
4.2519614512471655,,508.4457499838069,1070.6448228568888,2506.626879205132
4.261961451247165,,524.6762303568288,1082.6683477225126,2504.010677641102
4.271961451247165,,508.92962828508354,1087.5903030059771,2547.207241861375
4.281961451247165,154.08175147955188,490.8434573789764,1081.7772466945698,2541.6777284232767
4.2919614512471655,156.67779221996258,525.2594314580648,1093.4080318995398,2545.681541284991
4.301961451247165,,565.3111404673342,1086.8637393516074,2564.422003236273
4.311961451247165,272.7180242682836,564.7142110414163,1079.1083306044834,2570.439187239351
4.321961451247165,268.6836386900999,555.4814650329905,1086.3220222694652,2606.060388847058
4.331961451247166,273.38343370692456,559.4222567437115,1080.2249307128573,2631.510312268618
4.341961451247165,273.8305507928513,551.1208917156325,1079.2595524317182,2592.704646948311
4.351961451247165,278.13334145782613,552.6658812997683,1078.4666540154637,2500.480509129135
4.361961451247165,147.83874123791725,562.0723778134966,1061.733156883184,2525.357382832723
4.371961451247166,149.17944570083722,548.2693414552414,1051.2106770173605,2606.7932814668916
4.381961451247165,148.37729222764688,518.6297207224668,1048.143922849186,2578.0055001530172
4.391961451247165,147.87552166102884,499.73862048982363,1049.978584399805,2594.751632843967
4.401961451247165,147.8273518523947,491.93191145444143,1052.5753982926933,2562.380484185232
4.411961451247166,,504.6823306239811,1066.4017909261952,2547.8336710184644
4.421961451247165,,542.385181227879,1065.109542339512,2615.029711729425
4.431961451247165,,532.9769329257834,1072.914439621798,2598.70849045241
4.441961451247165,,515.9414319247626,1083.3638211132684,2558.778405870264
4.451961451247166,,538.3843410875033,1064.4714431119896,2519.063954060096
4.4619614512471655,538.4941807631254,553.0624509560186,1077.0523989485525,2469.8074356604297
4.471961451247165,542.0937783469742,556.799871766122,1082.70828973057,2523.8520723282245
4.481961451247165,535.9148722995322,541.1207235657604,1094.865508730613,2613.2627505927035
4.491961451247166,491.8045904046589,519.2538007766597,1100.8773206720284,2630.9293728664593
4.5019614512471655,511.89586058971037,549.6239567136861,1068.5606441171683,2603.7373850905396
4.511961451247165,540.7365771213849,570.392538339807,1065.7504136020336,2587.5178890118473
4.521961451247165,549.6845264745239,566.6709020618481,1077.0764934294425,2605.8978205151684
4.531961451247165,553.082835386292,571.0894414121129,1090.7745683702638,2566.0452171607826
4.5419614512471655,563.539737612109,580.2013134807818,1134.4253370587035,2540.8280277304493
4.551961451247165,552.0814536773914,589.7729218440676,1185.4089408036477,2606.4216346659528
4.561961451247165,540.3721386168729,592.0202035546791,1149.4369300468163,2648.518760786965
4.571961451247165,542.8103171648409,596.2271538608899,1108.2419475651293,2648.2312890949283
4.581961451247166,548.0664880353517,585.1226596002917,1118.7865281954719,2634.785751004304
4.591961451247165,543.2792664373093,565.0150114296656,1094.5188894675866,2590.2998934224397
4.601961451247165,522.8130790914781,573.0673665757789,1074.5589293055289,2545.586619031415
4.611961451247165,540.628268021753,588.8126898660751,1102.535203300098,2539.429377343998
4.621961451247166,549.100635921224,587.1836611299657,1126.3005463769493,2596.83020486464
4.631961451247165,547.0339131821746,603.4442452103873,1101.1616382195045,2625.4474302263525
4.641961451247165,546.1126009894517,583.968009214935,1084.328004550398,2596.8050872081767
4.651961451247165,539.1095941164884,551.4407754121547,1121.3866732999027,2560.08775383538
4.661961451247166,531.887699829461,553.911215332328,1120.8401646764441,2585.238653250791
4.671961451247165,536.3004789400159,558.2335227743595,1091.6855837438359,2628.658276959488
4.681961451247165,535.7954045054065,559.0054637352333,1084.0896636496675,2557.8997296054263
4.691961451247165,538.6273851935676,557.0526984731035,1077.1731490424631,2505.566230824354
4.701961451247166,555.7882974204864,571.1497885421759,1110.8168197580428,2466.9203350165135
4.7119614512471655,541.2356230837378,563.7654977934579,1148.760837412028,2426.5011801375827
4.721961451247165,510.7438165655973,572.0367895834349,1142.0799218728635,2493.139515628302
4.731961451247165,525.8739696162089,602.6420114959703,1107.7306086597232,2544.212637512103
4.741961451247166,535.4964487824416,588.6611939024848,1096.05474498696,2558.7006150197894
4.7519614512471655,553.8299936331479,578.310023121292,1111.6739837094574,2612.9926281354897
4.761961451247165,537.330615708008,563.8432394153677,1089.2544883450967,2536.7695676274107
4.771961451247165,518.3997266541922,551.4272366735674,1081.1424300769943,2446.813672119073
4.781961451247165,531.5703928058286,592.2186498807688,1083.7962002190334,2498.0291538687165
4.7919614512471655,534.1210529665358,594.6844578287505,1067.6140835831714,2558.155565531273
4.801961451247165,527.4512381048872,561.8907484044471,1073.2046836232562,2595.6496921794574
4.811961451247165,528.0905051386146,554.6508936013179,1085.0449147504928,2536.2059567351585
4.821961451247165,536.1281105113393,556.0626257474602,1086.801030570631,2439.125443893498
4.831961451247166,543.7137017716072,566.4968359951191,1077.8972258887484,2433.330527877819
4.841961451247165,561.0679015865892,589.1604818070481,1088.3281621059705,2516.6955130211545
4.851961451247165,562.4105957544227,588.3092969014143,1083.5760231265008,2580.6787772693983
4.861961451247165,,580.6633132070841,1064.176979954454,2520.026574123996
4.871961451247166,,582.4291979344182,1076.9981048668185,2501.012834796673
4.881961451247165,,599.4456764294418,1091.9693060227835,2522.33184401553
4.891961451247165,574.4025630464212,599.5059849501256,1080.2066767620024,2563.6683350190156
4.901961451247165,554.7338257296043,571.8963122933072,1061.992631333249,2647.3026147049354
4.911961451247166,531.0112820704388,566.4822548358721,1071.5398769834096,2592.5893545760387
4.921961451247165,523.2920771099093,571.635910194842,1076.5334121202222,2543.765311231719
4.931961451247165,525.7268607526632,612.7841490502573,1062.8460377250428,2516.8169172005
4.941961451247165,535.1589663683454,614.3054645079054,1065.1274125540278,2541.3618165663465
4.951961451247166,539.5478299441387,588.1727466768746,1060.6247710758457,2502.525335029289
4.9619614512471655,524.6710760011111,592.2015570781948,1052.7214978243255,2449.1614232751053
4.971961451247165,533.3273152824338,609.3032898465216,1076.639954462671,2703.679709703451
4.981961451247165,,763.3976991051258,1577.8249594360059,2974.7994432032665
4.991961451247166,,,,
